id,filename,original_value,predicted_value
0,04_image_name_labeled/23001_rot22_labeled/1-10/4.3mg/4.3_1679892706_7535648346_.jpg,4.3,5.643368
1,04_image_name_labeled/23001_rot22_labeled/1-10/4.3mg/4.3_1679892706_7835049629_.jpg,4.3,5.5439334
2,04_image_name_labeled/23001_rot22_labeled/1-10/4.3mg/4.3_1679892706_3453993797_.jpg,4.3,5.9117336
3,04_image_name_labeled/23001_rot22_labeled/1-10/4.3mg/4.3_1679892706_4398701191_.jpg,4.3,4.465621
4,04_image_name_labeled/23001_rot22_labeled/1-10/4.3mg/4.3_1679892706_5346250534_.jpg,4.3,5.6351385
5,04_image_name_labeled/23001_rot22_labeled/1-10/4.3mg/4.3_1679892706_5962057114_.jpg,4.3,6.790275
6,04_image_name_labeled/23001_rot22_labeled/1-10/4.3mg/4.3_1679892706_6436116695_.jpg,4.3,7.291966
7,04_image_name_labeled/23001_rot22_labeled/1-10/4.3mg/4.3_1679892706_6743843555_.jpg,4.3,4.4939075
8,04_image_name_labeled/BIG23001_rot_labeled/A33/230307/4.4_1678847617_3651437759_.jpg,4.4,6.5125966
9,04_image_name_labeled/23001_rot22_labeled/1-10/4.3mg/4.3_1679892706_4872438908_.jpg,4.3,5.467989
10,04_image_name_labeled/23001_rot22_labeled/1-10/4.3mg/4.3_1679892706_6903839111_.jpg,4.3,7.8564157
11,04_image_name_labeled/23001_rot22_labeled/1-10/4.3mg/4.3_1679892706_7379345894_.jpg,4.3,7.0674543
12,04_image_name_labeled/23001_rot22_labeled/1-10/4.3mg/4.3_1679892706_8293027878_.jpg,4.3,6.0717382
13,04_image_name_labeled/23001_rot22_labeled/1-10/4.3mg/4.3_1679892706_6275293827_.jpg,4.3,6.324622
14,04_image_name_labeled/23001_rot22_labeled/1-10/4.3mg/4.3_1679892706_4712445736_.jpg,4.3,4.39694
15,04_image_name_labeled/23001_rot22_labeled/1-10/4.3mg/4.3_1679892706_5027544498_.jpg,4.3,5.8017898
16,04_image_name_labeled/23001_rot22_labeled/1-10/4.3mg/4.3_1679892706_3923628330_.jpg,4.3,4.7580137
17,04_image_name_labeled/23001_rot22_labeled/1-10/4.3mg/4.3_1679892706_5187172890_.jpg,4.3,3.9523373
18,04_image_name_labeled/23001_rot22_labeled/1-10/4.3mg/4.3_1679892706_6589899063_.jpg,4.3,6.8663263
19,04_image_name_labeled/23001_rot22_labeled/1-10/4.3mg/4.3_1679892706_4083623886_.jpg,4.3,6.2233205
20,04_image_name_labeled/BIG23001_rot_labeled/S22/230307/4.4_1678847619_7806348801_.jpg,4.4,4.523149
21,04_image_name_labeled/23001_rot22_labeled/1-10/4.3mg/4.3_1679892706_8149831295_.jpg,4.3,5.7595396
22,04_image_name_labeled/BIG23001_rot_labeled/A53/230307/4.4 _1678847618_4477374554_.jpg,4.4,6.2956004
23,04_image_name_labeled/BIG23001_rot_labeled/S22/230307/4.4_1678847619_7493927479_.jpg,4.4,4.881052
24,04_image_name_labeled/23001_rot22_labeled/1-10/4.3mg/4.3_1679892706_3763725758_.jpg,4.3,7.23027
25,04_image_name_labeled/23001_rot22_labeled/1-10/4.3mg/4.3_1679892706_7223877907_.jpg,4.3,6.9384775
26,04_image_name_labeled/BIG23001_rot_labeled/S22/230307/4.4_1678847619_7650120258_.jpg,4.4,4.519152
27,04_image_name_labeled/BIG23001_rot_labeled/S22/230307/4.4_239873987.jpg,4.4,4.1077337
28,04_image_name_labeled/BIG23001_rot_labeled/A53/230307/4.4 _1678847618_4321064949_.jpg,4.4,6.7587376
29,04_image_name_labeled/23001_rot22_labeled/1-10/4.3mg/4.3_1679892706_6115250587_.jpg,4.3,8.220289
30,04_image_name_labeled/23001_rot22_labeled/1-10/9.2mg-1/9.2_1679892708_8498241901_.jpg,9.2,7.472012
31,04_image_name_labeled/23001_rot22_labeled/1-10/6.6mg-1/6.6_1679892707_4998636246_.jpg,6.6,8.346922
32,04_image_name_labeled/23001_rot22_labeled/1-10/8.5mg/8.5_1679892707_9701261520_.jpg,8.5,4.899731
33,04_image_name_labeled/23001_rot22_labeled/1-10/9.2mg/9.2_1679892708_2494282722_.jpg,9.2,14.97974
34,04_image_name_labeled/23001_rot22_labeled/1-10/9.2mg/9.2_1679892708_4107780457_.jpg,9.2,14.0368395
35,04_image_name_labeled/23001_rot22_labeled/1-10/8.5mg/8.5_1679892707_8297243118_.jpg,8.5,6.700941
36,04_image_name_labeled/23001_rot22_labeled/1-10/8.5mg/8.5_1679892707_7828974724_.jpg,8.5,8.1784525
37,04_image_name_labeled/23001_rot22_labeled/1-10/9.2mg/9.2_1679892708_4583368301_.jpg,9.2,10.958053
38,04_image_name_labeled/23001_rot22_labeled/1-10/8.5mg/8.5_1679892707_7669017315_.jpg,8.5,8.78453
39,04_image_name_labeled/23001_rot22_labeled/1-10/6.6mg-1/6.6_1679892707_2817161083_.jpg,6.6,8.161506
40,04_image_name_labeled/23001_rot22_labeled/1-10/6.6mg-1/6.6_1679892707_6083095074_.jpg,6.6,11.0250435
41,04_image_name_labeled/23001_rot22_labeled/1-10/9.2mg/9.2_1679892708_5841495991_.jpg,9.2,11.474817
42,04_image_name_labeled/23001_rot22_labeled/1-10/6.2mg/6.2_1679892707_1868667603_.jpg,6.2,10.213412
43,04_image_name_labeled/23001_rot22_labeled/1-10/9.2mg-1/9.2_1679892709_1009457111_.jpg,9.2,9.295067
44,04_image_name_labeled/23001_rot22_labeled/1-10/8.5mg/8.5_1679892707_7354850769_.jpg,8.5,8.103318
45,04_image_name_labeled/23001_rot22_labeled/1-10/6.6mg-1/6.6_1679892707_3909749985_.jpg,6.6,7.6543217
46,04_image_name_labeled/23001_rot22_labeled/1-10/6.2mg/6.2_1679892706_8449947834_.jpg,6.2,2.346064
47,04_image_name_labeled/23001_rot22_labeled/1-10/8.5mg/8.5_1679892708_1611473560_.jpg,8.5,8.430478
48,04_image_name_labeled/23001_rot22_labeled/1-10/9.2mg-1/9.2_1679892708_7084548473_.jpg,9.2,8.131642
49,04_image_name_labeled/23001_rot22_labeled/1-10/9.2mg-1/9.2_1679892709_1169517040_.jpg,9.2,7.6884556
50,04_image_name_labeled/23001_rot22_labeled/1-10/8.5mg/8.5_1679892708_1768796444_.jpg,8.5,7.8710604
51,04_image_name_labeled/23001_rot22_labeled/1-10/6.6mg-1/6.6_1679892707_4070029259_.jpg,6.6,8.642732
52,04_image_name_labeled/23001_rot22_labeled/1-10/9.2mg-1/9.2_1679892708_9115216732_.jpg,9.2,8.650328
53,04_image_name_labeled/23001_rot22_labeled/1-10/9.2mg-1/9.2_1679892708_8344912529_.jpg,9.2,11.082781
54,04_image_name_labeled/23001_rot22_labeled/1-10/6.2mg/6.2_1679892706_8599352837_.jpg,6.2,6.8340435
55,04_image_name_labeled/23001_rot22_labeled/1-10/6.6mg-1/6.6_1679892707_3444218636_.jpg,6.6,14.370801
56,04_image_name_labeled/23001_rot22_labeled/1-10/6.6mg-1/6.6_1679892707_6242272854_.jpg,6.6,7.5502734
57,04_image_name_labeled/23001_rot22_labeled/1-10/9.2mg/9.2_1679892708_4267196655_.jpg,9.2,11.986207
58,04_image_name_labeled/23001_rot22_labeled/1-10/8.5mg/8.5_1679892707_9861261845_.jpg,8.5,9.361982
59,04_image_name_labeled/23001_rot22_labeled/1-10/9.2mg-1/9.2_1679892708_8189010620_.jpg,9.2,9.64496
60,04_image_name_labeled/23001_rot22_labeled/1-10/6.6mg-1/6.6_1679892707_5626637936_.jpg,6.6,8.894071
61,04_image_name_labeled/23001_rot22_labeled/1-10/9.2mg/9.2_1679892708_4423375130_.jpg,9.2,10.387187
62,04_image_name_labeled/23001_rot22_labeled/1-10/9.2mg/9.2_1679892708_3489220142_.jpg,9.2,9.698304
63,04_image_name_labeled/23001_rot22_labeled/1-10/9.2mg-1/9.2_1679892708_9422585964_.jpg,9.2,8.260721
64,04_image_name_labeled/23001_rot22_labeled/1-10/6.2mg/6.2_1679892707_0935618877_.jpg,6.2,6.1021543
65,04_image_name_labeled/23001_rot22_labeled/1-10/6.2mg/6.2_1679892707_0455620289_.jpg,6.2,8.708768
66,04_image_name_labeled/23001_rot22_labeled/1-10/6.6mg-1/6.6_1679892707_4845194817_.jpg,6.6,10.309087
67,04_image_name_labeled/23001_rot22_labeled/1-10/6.2mg/6.2_1679892707_2028667927_.jpg,6.2,7.5946264
68,04_image_name_labeled/23001_rot22_labeled/1-10/8.5mg/8.5_1679892708_1296420097_.jpg,8.5,6.9915586
69,04_image_name_labeled/23001_rot22_labeled/1-10/9.2mg-1/9.2_1679892708_8029918671_.jpg,9.2,9.9218235
70,04_image_name_labeled/23001_rot22_labeled/1-10/9.2mg/9.2_1679892708_2872042656_.jpg,9.2,9.627886
71,04_image_name_labeled/23001_rot22_labeled/1-10/6.2mg/6.2_1679892706_9371302128_.jpg,6.2,5.4520516
72,04_image_name_labeled/23001_rot22_labeled/1-10/9.2mg/9.2_1679892708_4742999077_.jpg,9.2,11.458697
73,04_image_name_labeled/23001_rot22_labeled/1-10/9.2mg-1/9.2_1679892709_0529451370_.jpg,9.2,9.31395
74,04_image_name_labeled/23001_rot22_labeled/1-10/9.2mg-1/9.2_1679892709_0689442158_.jpg,9.2,7.7073007
75,04_image_name_labeled/23001_rot22_labeled/1-10/9.2mg-1/9.2_1679892709_0208308697_.jpg,9.2,7.8231936
76,04_image_name_labeled/23001_rot22_labeled/1-10/8.5mg/8.5_1679892708_1928827763_.jpg,8.5,10.347662
77,04_image_name_labeled/23001_rot22_labeled/1-10/9.2mg-1/9.2_1679892708_6303083897_.jpg,9.2,7.096873
78,04_image_name_labeled/23001_rot22_labeled/1-10/9.2mg/9.2_1679892708_3029394150_.jpg,9.2,9.960265
79,04_image_name_labeled/23001_rot22_labeled/1-10/6.2mg/6.2_1679892707_1403748989_.jpg,6.2,5.640546
80,04_image_name_labeled/23001_rot22_labeled/1-10/9.2mg/9.2_1679892708_5372166634_.jpg,9.2,12.316725
81,04_image_name_labeled/23001_rot22_labeled/1-10/6.2mg/6.2_1679892707_1708686352_.jpg,6.2,7.311616
82,04_image_name_labeled/23001_rot22_labeled/1-10/6.6mg-1/6.6_1679892707_3599035740_.jpg,6.6,6.1642313
83,04_image_name_labeled/23001_rot22_labeled/1-10/6.6mg-1/6.6_1679892707_3289444447_.jpg,6.6,7.789602
84,04_image_name_labeled/23001_rot22_labeled/1-10/6.6mg-1/6.6_1679892707_5318815708_.jpg,6.6,7.865331
85,04_image_name_labeled/23001_rot22_labeled/1-10/8.5mg/8.5_1679892707_8610780239_.jpg,8.5,6.6128683
86,04_image_name_labeled/23001_rot22_labeled/1-10/9.2mg/9.2_1679892708_5056161880_.jpg,9.2,10.879657
87,04_image_name_labeled/23001_rot22_labeled/1-10/8.5mg/8.5_1679892707_7988162041_.jpg,8.5,6.9728045
88,04_image_name_labeled/23001_rot22_labeled/1-10/6.6mg-1/6.6_1679892707_2657091618_.jpg,6.6,11.089744
89,04_image_name_labeled/23001_rot22_labeled/1-10/6.2mg/6.2_1679892706_8752186298_.jpg,6.2,6.9472914
90,04_image_name_labeled/23001_rot22_labeled/1-10/8.5mg/8.5_1679892708_1136395931_.jpg,8.5,8.20307
91,04_image_name_labeled/23001_rot22_labeled/1-10/9.2mg/9.2_1679892708_3334355354_.jpg,9.2,10.628151
92,04_image_name_labeled/23001_rot22_labeled/1-10/9.2mg/9.2_1679892708_2561371326_.jpg,9.2,11.312587
93,04_image_name_labeled/23001_rot22_labeled/1-10/6.6mg-1/6.6_1679892707_2342965603_.jpg,6.6,9.469336
94,04_image_name_labeled/23001_rot22_labeled/1-10/8.5mg/8.5_1679892708_0656399727_.jpg,8.5,6.0219135
95,04_image_name_labeled/23001_rot22_labeled/1-10/8.5mg/8.5_1679892708_0496399403_.jpg,8.5,6.9325447
96,04_image_name_labeled/23001_rot22_labeled/1-10/6.6mg-1/6.6_1679892707_4223854542_.jpg,6.6,9.215834
97,04_image_name_labeled/23001_rot22_labeled/1-10/8.5mg/8.5_1679892707_8450186253_.jpg,8.5,4.8946457
98,04_image_name_labeled/23001_rot22_labeled/1-10/6.6mg-1/6.6_1679892707_5473022461_.jpg,6.6,7.9522185
99,04_image_name_labeled/23001_rot22_labeled/1-10/8.5mg/8.5_1679892707_7508807182_.jpg,8.5,5.9998817
100,04_image_name_labeled/23001_rot22_labeled/1-10/9.2mg-1/9.2_1679892708_6764574051_.jpg,9.2,10.092997
101,04_image_name_labeled/23001_rot22_labeled/1-10/6.6mg-1/6.6_1679892707_6560530663_.jpg,6.6,8.468753
102,04_image_name_labeled/23001_rot22_labeled/1-10/8.5mg/8.5_1679892708_2088885307_.jpg,8.5,6.4944596
103,04_image_name_labeled/23001_rot22_labeled/1-10/8.5mg/8.5_1679892707_9381260872_.jpg,8.5,9.308907
104,04_image_name_labeled/23001_rot22_labeled/1-10/6.6mg-1/6.6_1679892707_3133008480_.jpg,6.6,8.675938
105,04_image_name_labeled/23001_rot22_labeled/1-10/8.5mg/8.5_1679892708_0021259785_.jpg,8.5,8.120977
106,04_image_name_labeled/23001_rot22_labeled/1-10/6.6mg-1/6.6_1679892707_7033944130_.jpg,6.6,8.216974
107,04_image_name_labeled/23001_rot22_labeled/1-10/6.6mg-1/6.6_1679892707_5158679485_.jpg,6.6,7.5934086
108,04_image_name_labeled/23001_rot22_labeled/1-10/9.2mg/9.2_1679892708_5210454464_.jpg,9.2,13.287768
109,04_image_name_labeled/23001_rot22_labeled/1-10/6.6mg-1/6.6_1679892707_6713957787_.jpg,6.6,7.046147
110,04_image_name_labeled/23001_rot22_labeled/1-10/6.6mg-1/6.6_1679892707_4685497284_.jpg,6.6,9.112119
111,04_image_name_labeled/23001_rot22_labeled/1-10/9.2mg-1/9.2_1679892708_7722449303_.jpg,9.2,9.584864
112,04_image_name_labeled/23001_rot22_labeled/1-10/8.5mg/8.5_1679892708_0976393223_.jpg,8.5,8.509614
113,04_image_name_labeled/23001_rot22_labeled/1-10/6.6mg-1/6.6_1679892707_6403248310_.jpg,6.6,7.869955
114,04_image_name_labeled/23001_rot22_labeled/1-10/9.2mg/9.2_1679892708_3949406147_.jpg,9.2,16.7808
115,04_image_name_labeled/23001_rot22_labeled/1-10/9.2mg-1/9.2_1679892708_8965220451_.jpg,9.2,8.660681
116,04_image_name_labeled/23001_rot22_labeled/1-10/9.2mg-1/9.2_1679892709_0048317909_.jpg,9.2,8.900519
117,04_image_name_labeled/23001_rot22_labeled/1-10/6.2mg/6.2_1679892707_0300538540_.jpg,6.2,6.9207377
118,04_image_name_labeled/23001_rot22_labeled/1-10/6.2mg/6.2_1679892706_9840540886_.jpg,6.2,4.1042414
119,04_image_name_labeled/23001_rot22_labeled/1-10/8.5mg/8.5_1679892708_0816402435_.jpg,8.5,7.890769
120,04_image_name_labeled/23001_rot22_labeled/1-10/9.2mg-1/9.2_1679892708_6455657482_.jpg,9.2,11.262709
121,04_image_name_labeled/23001_rot22_labeled/1-10/9.2mg-1/9.2_1679892708_6924548149_.jpg,9.2,8.935527
122,04_image_name_labeled/23001_rot22_labeled/1-10/6.2mg/6.2_1679892707_0615634918_.jpg,6.2,8.318485
123,04_image_name_labeled/23001_rot22_labeled/1-10/8.5mg/8.5_1679892707_8143086433_.jpg,8.5,8.54607
124,04_image_name_labeled/23001_rot22_labeled/1-10/9.2mg/9.2_1679892708_5525298119_.jpg,9.2,11.674948
125,04_image_name_labeled/23001_rot22_labeled/1-10/6.6mg-1/6.6_1679892707_2977156639_.jpg,6.6,9.271549
126,04_image_name_labeled/23001_rot22_labeled/1-10/8.5mg/8.5_1679892707_9228312969_.jpg,8.5,8.464273
127,04_image_name_labeled/23001_rot22_labeled/1-10/9.2mg-1/9.2_1679892708_9892582893_.jpg,9.2,9.564735
128,04_image_name_labeled/23001_rot22_labeled/1-10/9.2mg/9.2_1679892708_3800618649_.jpg,9.2,12.503782
129,04_image_name_labeled/23001_rot22_labeled/1-10/8.5mg/8.5_1679892708_2248854637_.jpg,8.5,8.06749
130,04_image_name_labeled/23001_rot22_labeled/1-10/8.5mg/8.5_1679892707_9541258812_.jpg,8.5,9.45469
131,04_image_name_labeled/23001_rot22_labeled/1-10/9.2mg-1/9.2_1679892708_9582583904_.jpg,9.2,7.508576
132,04_image_name_labeled/23001_rot22_labeled/1-10/9.2mg-1/9.2_1679892708_9267547131_.jpg,9.2,7.916658
133,04_image_name_labeled/BIG23001_rot_labeled/A33/230307/11.2_1678847617_1764798164_.jpg,11.2,13.493937
134,04_image_name_labeled/23001_rot22_labeled/1-10/13.6mg/13.6_1679892705_9547789097_.jpg,13.6,11.034216
135,04_image_name_labeled/23001_rot22_labeled/1-10/10.5mg/10.5_1679892705_7528517246_.jpg,10.5,10.159977
136,04_image_name_labeled/23001_rot22_labeled/1-10/10.5mg/10.5_1679892705_5988125801_.jpg,10.5,7.787499
137,04_image_name_labeled/23001_rot22_labeled/1-10/10.5mg/10.5_1679892705_6592628956_.jpg,10.5,12.383721
138,04_image_name_labeled/BIG23001_rot_labeled/A53/230307/11.2 _1678847618_2281682491_.jpg,11.2,12.630807
139,04_image_name_labeled/23001_rot22_labeled/1-10/10.5mg/10.5_1679892705_4259052277_.jpg,10.5,9.49023
140,04_image_name_labeled/BIG23001_rot_labeled/S22/230307/11.2_1678847619_5922956467_.jpg,11.2,13.7688465
141,04_image_name_labeled/BIG23001_rot_labeled/A53/230307/11.2 _1678847618_2437999249_.jpg,11.2,11.568195
142,04_image_name_labeled/BIG23001_rot_labeled/A33/230307/11.2_1678847617_1924359798_.jpg,11.2,12.698409
143,04_image_name_labeled/23001_rot22_labeled/1-10/10.5mg/10.5_1679892705_4734423161_.jpg,10.5,15.321875
144,04_image_name_labeled/23001_rot22_labeled/1-10/13.6mg/13.6_1679892705_8937613964_.jpg,13.6,10.25003
145,04_image_name_labeled/23001_rot22_labeled/1-10/10.5mg/10.5_1679892705_6749913692_.jpg,10.5,10.489663
146,04_image_name_labeled/23001_rot22_labeled/1-10/13.6mg/13.6_1679892706_1111056805_.jpg,13.6,12.085374
147,04_image_name_labeled/23001_rot22_labeled/1-10/13.6mg/13.6_1679892705_9392728806_.jpg,13.6,15.456954
148,04_image_name_labeled/23001_rot22_labeled/1-10/13.6mg/13.6_1679892706_2214617729_.jpg,13.6,13.770569
149,04_image_name_labeled/23001_rot22_labeled/1-10/10.5mg/10.5_1679892705_5196967125_.jpg,10.5,9.728458
150,04_image_name_labeled/23001_rot22_labeled/1-10/10.5mg/10.5_1679892705_4888827801_.jpg,10.5,8.986285
151,04_image_name_labeled/23001_rot22_labeled/1-10/13.6mg/13.6_1679892706_2989439964_.jpg,13.6,15.354971
152,04_image_name_labeled/23001_rot22_labeled/1-10/13.6mg/13.6_1679892706_0017821789_.jpg,13.6,11.445142
153,04_image_name_labeled/23001_rot22_labeled/1-10/10.5mg/10.5_1679892705_5823826790_.jpg,10.5,13.207299
154,04_image_name_labeled/BIG23001_rot_labeled/S22/230307/11.2_1678847619_5766699314_.jpg,11.2,13.776845
155,04_image_name_labeled/23001_rot22_labeled/1-10/13.6mg/13.6_1679892706_2054591179_.jpg,13.6,12.781305
156,04_image_name_labeled/23001_rot22_labeled/1-10/13.6mg/13.6_1679892706_1894590855_.jpg,13.6,12.780355
157,04_image_name_labeled/23001_rot22_labeled/1-10/10.5mg/10.5_1679892705_6432607174_.jpg,10.5,9.613648
158,04_image_name_labeled/23001_rot22_labeled/1-10/13.6mg/13.6_1679892706_0802848339_.jpg,13.6,12.281207
159,04_image_name_labeled/23001_rot22_labeled/1-10/13.6mg/13.6_1679892706_3148636818_.jpg,13.6,15.978676
160,04_image_name_labeled/23001_rot22_labeled/1-10/10.5mg/10.5_1679892705_5667126179_.jpg,10.5,11.978338
161,04_image_name_labeled/BIG23001_rot_labeled/S22/230307/11.2_1678847619_5454208851_.jpg,11.2,13.145925
162,04_image_name_labeled/23001_rot22_labeled/1-10/13.6mg/13.6_1679892706_2366528511_.jpg,13.6,14.457514
163,04_image_name_labeled/23001_rot22_labeled/1-10/13.6mg/13.6_1679892706_3308715820_.jpg,13.6,15.601401
164,04_image_name_labeled/23001_rot22_labeled/1-10/13.6mg/13.6_1679892705_9087617397_.jpg,13.6,14.149044
165,04_image_name_labeled/23001_rot22_labeled/1-10/10.5mg/10.5_1679892705_7840535641_.jpg,10.5,9.60631
166,04_image_name_labeled/BIG23001_rot_labeled/A33/230307/11.2_1678847617_1608560085_.jpg,11.2,13.215099
167,04_image_name_labeled/23001_rot22_labeled/1-10/10.5mg/10.5_1679892705_3778889179_.jpg,10.5,10.729319
168,04_image_name_labeled/23001_rot22_labeled/1-10/10.5mg/10.5_1679892705_5507256985_.jpg,10.5,10.878353
169,04_image_name_labeled/23001_rot22_labeled/1-10/13.6mg/13.6_1679892705_8618664742_.jpg,13.6,14.872607
170,04_image_name_labeled/23001_rot22_labeled/1-10/13.6mg/13.6_1679892706_0177829266_.jpg,13.6,9.919989
171,04_image_name_labeled/23001_rot22_labeled/1-10/10.5mg/10.5_1679892705_7222182751_.jpg,10.5,13.233376
172,04_image_name_labeled/BIG23001_rot_labeled/S22/230307/11.2_123987123.jpg,11.2,13.870808
173,04_image_name_labeled/23001_rot22_labeled/1-10/10.5mg/10.5_1679892705_4099032879_.jpg,10.5,8.36418
174,04_image_name_labeled/23001_rot22_labeled/1-10/13.6mg/13.6_1679892706_0493352413_.jpg,13.6,14.584028
175,04_image_name_labeled/23001_rot22_labeled/1-10/10.5mg/10.5_1679892705_7990550995_.jpg,10.5,9.974009
176,04_image_name_labeled/23001_rot22_labeled/1-10/10.5mg/10.5_1679892705_3692665100_.jpg,10.5,12.181686
177,04_image_name_labeled/23001_rot22_labeled/1-10/13.6mg/13.6_1679892705_9237685204_.jpg,13.6,14.907503
178,04_image_name_labeled/23001_rot22_labeled/1-10/10.5mg/10.5_1679892705_7685225010_.jpg,10.5,10.684172
179,04_image_name_labeled/23001_rot22_labeled/1-10/13.6mg/13.6_1679892706_2681233883_.jpg,13.6,17.554892
180,04_image_name_labeled/BIG23001_rot_labeled/S22/230307/11.2_098348373.jpg,11.2,12.525863
181,04_image_name_labeled/23001_rot22_labeled/1-10/13.6mg/13.6_1679892706_0957190990_.jpg,13.6,14.783472
182,04_image_name_labeled/23001_rot22_labeled/1-10/13.6mg/13.6_1679892706_1734650135_.jpg,13.6,13.488668
183,04_image_name_labeled/BIG23001_rot_labeled/S22/230307/11.2_2308483.jpg,11.2,15.315408
184,04_image_name_labeled/BIG23001_rot_labeled/S22/230307/19.6_1678847619_6079208851_.jpg,19.6,17.091948
185,04_image_name_labeled/23001_rot22_labeled/15-35/16.7mg/16.7_1679892712_0853426456_.jpg,16.7,14.384993
186,04_image_name_labeled/BIG23001_rot_labeled/A53/230307/19.6 _1678847618_3219273090_.jpg,19.6,18.215403
187,04_image_name_labeled/BIG23001_rot_labeled/S22/230307/19.6_1678847619_6395671368_.jpg,19.6,14.18468
188,04_image_name_labeled/BIG23001_rot_labeled/A53/230307/19.6 _1678847618_2906789780_.jpg,19.6,20.966629
189,04_image_name_labeled/23001_rot22_labeled/15-35/16.7mg/16.7_1679892711_8349452019_.jpg,16.7,14.442166
190,04_image_name_labeled/BIG23001_rot_labeled/S22/230307/19.6_1678847619_6235461235_.jpg,19.6,16.564566
191,04_image_name_labeled/23001_rot22_labeled/15-35/16.7mg/16.7_1679892711_9131765366_.jpg,16.7,16.803375
192,04_image_name_labeled/23001_rot22_labeled/15-35/16.7mg/16.7_1679892711_9284572601_.jpg,16.7,17.88542
193,04_image_name_labeled/23001_rot22_labeled/15-35/16.7mg/16.7_1679892711_6943035126_.jpg,16.7,18.414202
194,04_image_name_labeled/BIG23001_rot_labeled/A53/230307/19.6 _1678847618_2750520706_.jpg,19.6,18.785082
195,04_image_name_labeled/23001_rot22_labeled/15-35/16.7mg/16.7_1679892712_0373375416_.jpg,16.7,16.963737
196,04_image_name_labeled/23001_rot22_labeled/15-35/16.7mg/16.7_1679892711_9597225189_.jpg,16.7,19.579702
197,04_image_name_labeled/23001_rot22_labeled/15-35/16.7mg/16.7_1679892711_7093021870_.jpg,16.7,14.114969
198,04_image_name_labeled/23001_rot22_labeled/15-35/16.7mg/16.7_1679892711_7413563728_.jpg,16.7,13.264757
199,04_image_name_labeled/23001_rot22_labeled/15-35/16.7mg/16.7_1679892711_8504562378_.jpg,16.7,15.163308
200,04_image_name_labeled/BIG23001_rot_labeled/A33/230307/19.6_1678847617_2553493977_.jpg,19.6,15.917725
201,04_image_name_labeled/BIG23001_rot_labeled/A33/230307/19.6_1678847617_2397208214_.jpg,19.6,18.494684
202,04_image_name_labeled/23001_rot22_labeled/15-35/16.7mg/16.7_1679892712_0218293667_.jpg,16.7,17.233627
203,04_image_name_labeled/23001_rot22_labeled/15-35/16.7mg/16.7_1679892711_8037419319_.jpg,16.7,11.014813
204,04_image_name_labeled/23001_rot22_labeled/15-35/16.7mg/16.7_1679892711_7253046036_.jpg,16.7,11.412365
205,04_image_name_labeled/23001_rot22_labeled/15-35/16.7mg/16.7_1679892711_8821668625_.jpg,16.7,12.204137
206,04_image_name_labeled/23001_rot22_labeled/15-35/16.7mg/16.7_1679892712_1158962250_.jpg,16.7,12.213407
207,04_image_name_labeled/23001_rot22_labeled/15-35/16.7mg/16.7_1679892711_8196682930_.jpg,16.7,11.5248995
208,04_image_name_labeled/23001_rot22_labeled/15-35/16.7mg/16.7_1679892711_9908282757_.jpg,16.7,11.934682
209,04_image_name_labeled/BIG23001_rot_labeled/A33/230307/19.6_1678847617_2240872383_.jpg,19.6,16.6232
210,04_image_name_labeled/23001_rot22_labeled/15-35/16.7mg/16.7_1679892712_0693435669_.jpg,16.7,16.379955
211,04_image_name_labeled/23001_rot22_labeled/15-35/16.7mg/16.7_1679892712_0533444881_.jpg,16.7,13.293768
212,04_image_name_labeled/23001_rot22_labeled/15-35/16.7mg/16.7_1679892711_7730820179_.jpg,16.7,9.169501
213,04_image_name_labeled/23001_rot22_labeled/15-35/16.7mg/16.7_1679892711_9753386974_.jpg,16.7,16.59347
214,04_image_name_labeled/BIG23001_rot_labeled/A53/230307/19.6 _1678847618_3063025475_.jpg,19.6,19.750828
215,04_image_name_labeled/23001_rot22_labeled/15-35/24mg/24_1679892712_6146438122_.jpg,24.0,32.787495
216,04_image_name_labeled/23001_rot22_labeled/15-35/24mg/24_1679892712_4742381573_.jpg,24.0,20.314514
217,04_image_name_labeled/23001_rot22_labeled/15-35/24mg/24_1679892712_4422307014_.jpg,24.0,29.597366
218,04_image_name_labeled/23001_rot22_labeled/15-35/24mg/24_1679892712_4108862877_.jpg,24.0,21.49333
219,04_image_name_labeled/23001_rot22_labeled/15-35/24mg-1/24_1679892712_9742345810_.jpg,24.0,23.583527
220,04_image_name_labeled/23001_rot22_labeled/15-35/24mg-1/24_1679892712_9108896255_.jpg,24.0,23.725845
221,04_image_name_labeled/23001_rot22_labeled/15-35/24mg-1/24_1679892712_8488464355_.jpg,24.0,24.256794
222,04_image_name_labeled/23001_rot22_labeled/15-35/24mg-1/24_1679892712_8948898315_.jpg,24.0,25.069647
223,04_image_name_labeled/23001_rot22_labeled/15-35/24mg-1/24_1679892712_7074718475_.jpg,24.0,22.753319
224,04_image_name_labeled/23001_rot22_labeled/15-35/24mg/24_1679892712_5217347145_.jpg,24.0,28.29495
225,04_image_name_labeled/23001_rot22_labeled/15-35/24mg-1/24_1679892712_9268934727_.jpg,24.0,24.895185
226,04_image_name_labeled/23001_rot22_labeled/15-35/24mg-1/24_1679892712_7231669426_.jpg,24.0,24.798525
227,04_image_name_labeled/23001_rot22_labeled/15-35/24mg/24_1679892712_5056438446_.jpg,24.0,30.597933
228,04_image_name_labeled/23001_rot22_labeled/15-35/24mg/24_1679892712_5834345818_.jpg,24.0,29.328041
229,04_image_name_labeled/23001_rot22_labeled/15-35/24mg-1/24_1679892712_9584033489_.jpg,24.0,26.944431
230,04_image_name_labeled/23001_rot22_labeled/15-35/24mg-1/24_1679892713_1290121078_.jpg,24.0,26.79971
231,04_image_name_labeled/23001_rot22_labeled/15-35/24mg-1/24_1679892713_0820097923_.jpg,24.0,25.37074
232,04_image_name_labeled/23001_rot22_labeled/15-35/24mg-1/24_1679892712_9891972542_.jpg,24.0,27.932396
233,04_image_name_labeled/23001_rot22_labeled/15-35/24mg/24_1679892712_3182330132_.jpg,24.0,19.542532
234,04_image_name_labeled/23001_rot22_labeled/15-35/24mg/24_1679892712_2412502766_.jpg,24.0,30.419373
235,04_image_name_labeled/23001_rot22_labeled/15-35/24mg/24_1679892712_4581828117_.jpg,24.0,26.235899
236,04_image_name_labeled/23001_rot22_labeled/15-35/24mg/24_1679892712_1633327007_.jpg,24.0,17.584719
237,04_image_name_labeled/23001_rot22_labeled/15-35/24mg-1/24_1679892712_9424030781_.jpg,24.0,28.602364
238,04_image_name_labeled/23001_rot22_labeled/15-35/24mg/24_1679892712_3806376457_.jpg,24.0,20.729254
239,04_image_name_labeled/23001_rot22_labeled/15-35/24mg/24_1679892712_2253322601_.jpg,24.0,21.293552
240,04_image_name_labeled/23001_rot22_labeled/15-35/24mg-1/24_1679892712_7856769562_.jpg,24.0,20.172861
241,04_image_name_labeled/23001_rot22_labeled/15-35/24mg/24_1679892712_3957660198_.jpg,24.0,26.864721
242,04_image_name_labeled/23001_rot22_labeled/15-35/24mg-1/24_1679892712_6455454826_.jpg,24.0,22.128761
243,04_image_name_labeled/23001_rot22_labeled/15-35/24mg-1/24_1679892713_1130099297_.jpg,24.0,24.344404
244,04_image_name_labeled/23001_rot22_labeled/15-35/24mg-1/24_1679892713_0970106125_.jpg,24.0,24.258085
245,04_image_name_labeled/23001_rot22_labeled/15-35/24mg/24_1679892712_4269087315_.jpg,24.0,25.530628
246,04_image_name_labeled/23001_rot22_labeled/15-35/24mg/24_1679892712_2093300819_.jpg,24.0,22.567108
247,04_image_name_labeled/23001_rot22_labeled/15-35/24mg/24_1679892712_3030169010_.jpg,24.0,25.824072
248,04_image_name_labeled/23001_rot22_labeled/15-35/24mg-1/24_1679892712_8333740234_.jpg,24.0,26.530584
249,04_image_name_labeled/23001_rot22_labeled/15-35/24mg-1/24_1679892712_6611759663_.jpg,24.0,18.88826
250,04_image_name_labeled/23001_rot22_labeled/15-35/24mg/24_1679892712_5684344769_.jpg,24.0,26.887156
251,04_image_name_labeled/23001_rot22_labeled/15-35/24mg/24_1679892712_5524346828_.jpg,24.0,26.243446
252,04_image_name_labeled/23001_rot22_labeled/15-35/24mg/24_1679892712_1793320179_.jpg,24.0,31.498125
253,04_image_name_labeled/23001_rot22_labeled/15-35/24mg/24_1679892712_4902381897_.jpg,24.0,32.480473
254,04_image_name_labeled/23001_rot22_labeled/15-35/24mg/24_1679892712_1943302155_.jpg,24.0,22.417635
255,04_image_name_labeled/23001_rot22_labeled/15-35/24mg-1/24_1679892712_8648898602_.jpg,24.0,26.967144
256,04_image_name_labeled/23001_rot22_labeled/15-35/24mg/24_1679892712_5988340378_.jpg,24.0,24.424324
257,04_image_name_labeled/23001_rot22_labeled/15-35/32.3mg/32.3_1679892713_5675234795_.jpg,32.3,30.825424
258,04_image_name_labeled/23001_rot22_labeled/15-35/32.3mg/32.3_1679892713_1602084637_.jpg,32.3,26.080776
259,04_image_name_labeled/23001_rot22_labeled/15-35/32.3mg/32.3_1679892713_3173940182_.jpg,32.3,28.765669
260,04_image_name_labeled/23001_rot22_labeled/15-35/32.3mg/32.3_1679892713_5354204178_.jpg,32.3,23.351908
261,04_image_name_labeled/23001_rot22_labeled/15-35/32.3mg/32.3_1679892713_6299483776_.jpg,32.3,26.712152
262,04_image_name_labeled/23001_rot22_labeled/15-35/32.3mg/32.3_1679892713_4414174557_.jpg,32.3,31.688068
263,04_image_name_labeled/23001_rot22_labeled/15-35/32.3mg/32.3_1679892713_2393698692_.jpg,32.3,27.211391
264,04_image_name_labeled/23001_rot22_labeled/15-35/32.3mg/32.3_1679892713_3479080200_.jpg,32.3,26.631117
265,04_image_name_labeled/23001_rot22_labeled/15-35/32.3mg/32.3_1679892713_2233991623_.jpg,32.3,31.039038
266,04_image_name_labeled/23001_rot22_labeled/15-35/32.3mg/32.3_1679892713_1753966808_.jpg,32.3,41.810112
267,04_image_name_labeled/23001_rot22_labeled/15-35/32.3mg/32.3_1679892713_5204167366_.jpg,32.3,29.791046
268,04_image_name_labeled/23001_rot22_labeled/15-35/32.3mg/32.3_1679892713_4109096527_.jpg,32.3,29.968933
269,04_image_name_labeled/23001_rot22_labeled/15-35/32.3mg/32.3_1679892713_4574165344_.jpg,32.3,29.092623
270,04_image_name_labeled/23001_rot22_labeled/15-35/32.3mg/32.3_1679892713_1443381310_.jpg,32.3,34.416706
271,04_image_name_labeled/23001_rot22_labeled/15-35/32.3mg/32.3_1679892713_3324010372_.jpg,32.3,33.617924
272,04_image_name_labeled/23001_rot22_labeled/15-35/32.3mg/32.3_1679892713_3021523952_.jpg,32.3,30.946894
273,04_image_name_labeled/23001_rot22_labeled/15-35/32.3mg/32.3_1679892713_3959085941_.jpg,32.3,30.26398
274,04_image_name_labeled/23001_rot22_labeled/15-35/32.3mg/32.3_1679892713_3639099598_.jpg,32.3,32.9668
275,04_image_name_labeled/23001_rot22_labeled/15-35/32.3mg/32.3_1679892713_4894173145_.jpg,32.3,32.54888
276,04_image_name_labeled/23001_rot22_labeled/15-35/32.3mg/32.3_1679892713_5054185390_.jpg,32.3,29.133913
277,04_image_name_labeled/23001_rot22_labeled/15-35/32.3mg/32.3_1679892713_5515236855_.jpg,32.3,27.639185
278,04_image_name_labeled/23001_rot22_labeled/15-35/32.3mg/32.3_1679892713_4259130955_.jpg,32.3,23.314657
279,04_image_name_labeled/23001_rot22_labeled/15-35/32.3mg/32.3_1679892713_3799090385_.jpg,32.3,30.182941
280,04_image_name_labeled/23001_rot22_labeled/15-35/32.3mg/32.3_1679892713_5988321304_.jpg,32.3,24.858065
281,04_image_name_labeled/BIG23001_rot_labeled/S22/230307/35_1678847619_7177038193_.jpg,35.0,28.171387
282,04_image_name_labeled/23001_rot22_labeled/15-35/35.5mg/35.5_1679892713_8796474934_.jpg,35.5,34.176186
283,04_image_name_labeled/BIG23001_rot_labeled/A53/230307/35 _1678847618_3535883427_.jpg,35.0,32.800835
284,04_image_name_labeled/23001_rot22_labeled/15-35/35.5mg/35.5_1679892713_9424774647_.jpg,35.5,35.630955
285,04_image_name_labeled/23001_rot22_labeled/15-35/35.5mg/35.5_1679892713_8954479694_.jpg,35.5,35.43439
286,04_image_name_labeled/23001_rot22_labeled/15-35/35.5mg/35.5_1679892714_0662124157_.jpg,35.5,32.43212
287,04_image_name_labeled/23001_rot22_labeled/15-35/35.5mg/35.5_1679892713_6760442257_.jpg,35.5,35.967495
288,04_image_name_labeled/23001_rot22_labeled/15-35/35.5mg/35.5_1679892713_8648443222_.jpg,35.5,36.67928
289,04_image_name_labeled/23001_rot22_labeled/15-35/35.5mg/35.5_1679892713_9114491940_.jpg,35.5,32.63794
290,04_image_name_labeled/23001_rot22_labeled/15-35/35.5mg/35.5_1679892713_8333618641_.jpg,35.5,41.37646
291,04_image_name_labeled/23001_rot22_labeled/15-35/35.5mg/35.5_1679892713_9574773312_.jpg,35.5,31.976942
292,04_image_name_labeled/23001_rot22_labeled/15-35/35.5mg/35.5_1679892713_9735376835_.jpg,35.5,35.480053
293,04_image_name_labeled/BIG23001_rot_labeled/A53/230307/35 _1678847618_3848400116_.jpg,35.0,29.620928
294,04_image_name_labeled/23001_rot22_labeled/15-35/35.5mg/35.5_1679892713_6453127861_.jpg,35.5,26.278015
295,04_image_name_labeled/23001_rot22_labeled/15-35/35.5mg/35.5_1679892714_0346326828_.jpg,35.5,36.320927
296,04_image_name_labeled/23001_rot22_labeled/15-35/35.5mg/35.5_1679892713_6920571327_.jpg,35.5,40.336452
297,04_image_name_labeled/23001_rot22_labeled/15-35/35.5mg/35.5_1679892713_9269740582_.jpg,35.5,31.354734
298,04_image_name_labeled/23001_rot22_labeled/15-35/35.5mg/35.5_1679892714_1294085979_.jpg,35.5,34.046925
299,04_image_name_labeled/23001_rot22_labeled/15-35/35.5mg/35.5_1679892714_0047116280_.jpg,35.5,36.006615
300,04_image_name_labeled/23001_rot22_labeled/15-35/35.5mg/35.5_1679892713_7868041992_.jpg,35.5,32.60369
301,04_image_name_labeled/23001_rot22_labeled/15-35/35.5mg/35.5_1679892713_7707769871_.jpg,35.5,35.39841
302,04_image_name_labeled/BIG23001_rot_labeled/S22/230307/35_23987473.jpg,35.0,38.95047
303,04_image_name_labeled/23001_rot22_labeled/15-35/35.5mg/35.5_1679892713_8488333225_.jpg,35.5,35.081524
304,04_image_name_labeled/23001_rot22_labeled/15-35/35.5mg/35.5_1679892714_0982139111_.jpg,35.5,32.343605
305,04_image_name_labeled/23001_rot22_labeled/15-35/35.5mg/35.5_1679892714_0196301937_.jpg,35.5,30.15989
306,04_image_name_labeled/23001_rot22_labeled/15-35/35.5mg/35.5_1679892714_1142320633_.jpg,35.5,33.56313
307,04_image_name_labeled/23001_rot22_labeled/15-35/35.5mg/35.5_1679892714_0822143555_.jpg,35.5,31.97244
308,04_image_name_labeled/23001_rot22_labeled/15-35/35.5mg/35.5_1679892713_7080554962_.jpg,35.5,30.791937
309,04_image_name_labeled/BIG23001_rot_labeled/S22/230307/35_23409834.jpg,35.0,40.772274
310,04_image_name_labeled/BIG23001_rot_labeled/S22/230307/35_1678847619_6708278656_.jpg,35.0,34.324844
311,04_image_name_labeled/23001_rot22_labeled/15-35/35.5mg/35.5_1679892713_8019163609_.jpg,35.5,42.725708
312,04_image_name_labeled/23001_rot22_labeled/15-35/35.5mg/35.5_1679892713_7401325703_.jpg,35.5,33.36883
313,04_image_name_labeled/BIG23001_rot_labeled/S22/230307/35_1678847619_7020776272_.jpg,35.0,28.5803
314,04_image_name_labeled/BIG23001_rot_labeled/A53/230307/35 _1678847618_3692166805_.jpg,35.0,32.176434
315,04_image_name_labeled/BIG23001_rot_labeled/A53/230303/45_1678847617_7886357307_.jpg,45.0,41.698914
316,04_image_name_labeled/BIG23001_rot_labeled/A33/230303/45_230303_2.jpg,45.0,40.184246
317,04_image_name_labeled/BIG23001_rot_labeled/S22/230307/45_23737444.jpg,45.0,51.887978
318,04_image_name_labeled/BIG23001_rot_labeled/S22/230303/45_005.jpg,45.0,44.48624
319,04_image_name_labeled/BIG23001_rot_labeled/S22/230303/45_001.jpg,45.0,34.990105
320,04_image_name_labeled/BIG23001_rot_labeled/A33/230303/45_230303_1.jpg,45.0,45.315563
321,04_image_name_labeled/BIG23001_rot_labeled/A53/230307/45 _1678847618_5102396011_.jpg,45.0,41.584484
322,04_image_name_labeled/BIG23001_rot_labeled/S22/230307/45_1678847619_8435342312_.jpg,45.0,35.10669
323,04_image_name_labeled/BIG23001_rot_labeled/A33/230307/45_1678847617_4592955112_.jpg,45.0,42.42401
324,04_image_name_labeled/BIG23001_rot_labeled/S22/230307/45_1678847619_7962610722_.jpg,45.0,47.585087
325,04_image_name_labeled/BIG23001_rot_labeled/A53/230303/45_1678847617_8042643070_.jpg,45.0,38.725025
326,04_image_name_labeled/BIG23001_rot_labeled/S22/230303/45_002.jpg,45.0,45.429195
327,04_image_name_labeled/BIG23001_rot_labeled/A53/230307/45 _1678847618_4789898396_.jpg,45.0,50.40168
328,04_image_name_labeled/BIG23001_rot_labeled/S22/230307/45_1678847619_8278999329_.jpg,45.0,37.58671
329,04_image_name_labeled/BIG23001_rot_labeled/A33/230307/45_1678847617_4120180607_.jpg,45.0,43.935047
330,04_image_name_labeled/BIG23001_rot_labeled/A53/230307/45 _1678847618_4946150780_.jpg,45.0,48.83793
331,04_image_name_labeled/BIG23001_rot_labeled/A33/230307/57_1678847617_5061709881_.jpg,57.0,63.218433
332,04_image_name_labeled/BIG23001_rot_labeled/A53/230307/57 _1678847618_5731360912_.jpg,57.0,53.09316
333,04_image_name_labeled/BIG23001_rot_labeled/S22/230307/57 _1678847619_8904087543_.jpg,57.0,65.574905
334,04_image_name_labeled/BIG23001_rot_labeled/A33/230307/57_1678847617_4749221802_.jpg,57.0,71.626434
335,04_image_name_labeled/BIG23001_rot_labeled/S22/230307/57 _1678847619_8747851849_.jpg,57.0,67.06428
336,04_image_name_labeled/BIG23001_rot_labeled/A53/230307/57 _1678847618_5575122833_.jpg,57.0,58.352497
337,04_image_name_labeled/BIG23001_rot_labeled/A53/230307/57 _1678847618_5262541771_.jpg,57.0,58.441322
338,04_image_name_labeled/BIG23001_rot_labeled/S22/230307/66.1_1678847619_9376842976_.jpg,66.1,64.48919
339,04_image_name_labeled/BIG23001_rot_labeled/S22/230307/66.1_2398774.jpg,66.1,69.38787
340,04_image_name_labeled/BIG23001_rot_labeled/A33/230307/66.1_1678847617_5690832138_.jpg,66.1,67.699554
341,04_image_name_labeled/BIG23001_rot_labeled/S22/230307/66.1_1678847619_9533226490_.jpg,66.1,68.90865
342,04_image_name_labeled/BIG23001_rot_labeled/A33/230307/66.1_1678847617_5534565449_.jpg,66.1,72.25463
343,04_image_name_labeled/BIG23001_rot_labeled/S22/230307/66.1_1678847619_9216644764_.jpg,66.1,77.36544
344,04_image_name_labeled/BIG23001_rot_labeled/A53/230307/66.1_1678847618_6043875217_.jpg,66.1,65.331726
345,04_image_name_labeled/BIG23001_rot_labeled/A53/230307/66.1_1678847618_6200144291_.jpg,66.1,66.31875
346,04_image_name_labeled/BIG23001_rot_labeled/A33/230307/66.1_1678847617_5378189087_.jpg,66.1,65.99488
347,04_image_name_labeled/BIG23001_rot_labeled/S22/230307/66.1_1678847619_9689478874_.jpg,66.1,70.31442
348,04_image_name_labeled/BIG23001_rot_labeled/A33/230307/66.1_1678847617_5847103596_.jpg,66.1,70.29469
349,04_image_name_labeled/BIG23001_rot_labeled/S22/230307/77.6_29873444.jpg,77.6,87.32642
350,04_image_name_labeled/BIG23001_rot_labeled/A33/230307/77.6_1678847617_6319680214_.jpg,77.6,87.20341
351,04_image_name_labeled/BIG23001_rot_labeled/A33/230307/77.6_1678847617_6476042271_.jpg,77.6,74.5211
352,04_image_name_labeled/BIG23001_rot_labeled/S22/230307/77.6_1678847619_9845731258_.jpg,77.6,77.89225
353,04_image_name_labeled/BIG23001_rot_labeled/A33/230307/77.6_1678847617_6159534454_.jpg,77.6,106.62926
354,04_image_name_labeled/BIG23001_rot_labeled/A53/230307/77.6_1678847618_6985511780_.jpg,77.6,77.61242
355,04_image_name_labeled/BIG23001_rot_labeled/S22/230307/77.6_1678847620_0158224106_.jpg,77.6,76.56095
356,04_image_name_labeled/BIG23001_rot_labeled/A33/230307/77.6_1678847617_6003322601_.jpg,77.6,81.24755
357,04_image_name_labeled/BIG23001_rot_labeled/A53/230307/77.6_1678847618_6516795158_.jpg,77.6,78.90705
358,04_image_name_labeled/BIG23001_rot_labeled/A53/230303/81_1678847617_8359048367_.jpg,81.0,99.22315
359,04_image_name_labeled/BIG23001_rot_labeled/A53/230306/81_1678847618_1965250969_.jpg,81.0,82.1357
360,04_image_name_labeled/BIG23001_rot_labeled/A53/230303/81_1678847617_8198885918_.jpg,81.0,74.203804
361,04_image_name_labeled/BIG23001_rot_labeled/A53/230306/81_1678847618_1809034348_.jpg,81.0,90.00829
362,04_image_name_labeled/BIG23001_rot_labeled/A33/230303/81_1678847616_7204005718_.jpg,81.0,93.25328
363,04_image_name_labeled/BIG23001_rot_labeled/A53/230306/81_1678847618_1496560574_.jpg,81.0,82.39595
364,04_image_name_labeled/BIG23001_rot_labeled/A33/230306/81_1678847617_0822412968_.jpg,81.0,92.81625
365,04_image_name_labeled/BIG23001_rot_labeled/A33/230306/81_1678847617_1295967102_.jpg,81.0,85.90717
366,04_image_name_labeled/BIG23001_rot_labeled/A33/230306/81_1678847617_0978605747_.jpg,81.0,82.64312
367,04_image_name_labeled/BIG23001_rot_labeled/A33/230306/81_1678847617_1135683060_.jpg,81.0,83.66398
368,04_image_name_labeled/BIG23001_rot_labeled/S22/230303/81_1678847618_9341249466_.jpg,81.0,83.08533
369,04_image_name_labeled/BIG23001_rot_labeled/S22/230306/81_1678847619_2791066170_.jpg,81.0,83.05046
370,04_image_name_labeled/BIG23001_rot_labeled/S22/230306/81_1678847619_2947359085_.jpg,81.0,84.659225
371,04_image_name_labeled/BIG23001_rot_labeled/S22/230306/81_1678847619_2478582859_.jpg,81.0,98.700615
372,04_image_name_labeled/BIG23001_rot_labeled/S22/230306/81_1678847619_2634825706_.jpg,81.0,91.68359
373,04_image_name_labeled/BIG23001_rot_labeled/A33/230303/81_1678847616_7364218235_.jpg,81.0,91.65257
374,04_image_name_labeled/23001_rot22_labeled/90-100/88.8mg/88.8_1679892715_1421394348_.jpg,88.8,87.50442
375,04_image_name_labeled/23001_rot22_labeled/90-100/88.8mg/88.8_1679892715_5005512238_.jpg,88.8,91.44629
376,04_image_name_labeled/23001_rot22_labeled/90-100/88.8mg/88.8_1679892715_2658948898_.jpg,88.8,99.58362
377,04_image_name_labeled/23001_rot22_labeled/90-100/88.8mg/88.8_1679892715_2038753033_.jpg,88.8,86.25083
378,04_image_name_labeled/BIG23001_rot_labeled/S22/230307/86.4_1678847620_0631093979_.jpg,86.4,89.680504
379,04_image_name_labeled/BIG23001_rot_labeled/A33/230307/86.4_1678847617_6788539886_.jpg,86.4,102.781334
380,04_image_name_labeled/BIG23001_rot_labeled/A33/230307/86.4_1678847617_6944787502_.jpg,86.4,102.28341
381,04_image_name_labeled/23001_rot22_labeled/90-100/88.8mg/88.8_1679892715_1888754368_.jpg,88.8,85.96636
382,04_image_name_labeled/23001_rot22_labeled/90-100/88.8mg/88.8_1679892715_5320620537_.jpg,88.8,88.92351
383,04_image_name_labeled/23001_rot22_labeled/90-100/88.8mg/88.8_1679892715_4850256443_.jpg,88.8,77.67548
384,04_image_name_labeled/23001_rot22_labeled/90-100/88.8mg/88.8_1679892715_5926496983_.jpg,88.8,96.34585
385,04_image_name_labeled/23001_rot22_labeled/90-100/88.8mg/88.8_1679892715_2508857250_.jpg,88.8,92.654816
386,04_image_name_labeled/BIG23001_rot_labeled/S22/230307/86.4_1678847620_0474820137_.jpg,86.4,101.30482
387,04_image_name_labeled/BIG23001_rot_labeled/S22/230307/86.4_1678847620_0943598747_.jpg,86.4,94.023445
388,04_image_name_labeled/BIG23001_rot_labeled/A33/230307/86.4_1678847617_7101066113_.jpg,86.4,97.9737
389,04_image_name_labeled/23001_rot22_labeled/90-100/88.8mg/88.8_1679892715_3739228249_.jpg,88.8,95.08699
390,04_image_name_labeled/23001_rot22_labeled/90-100/88.8mg/88.8_1679892715_5464327335_.jpg,88.8,95.597565
391,04_image_name_labeled/BIG23001_rot_labeled/A53/230307/86.4_1678847618_7614567280_.jpg,86.4,86.94583
392,04_image_name_labeled/23001_rot22_labeled/90-100/88.8mg/88.8_1679892715_6242828369_.jpg,88.8,81.171265
393,04_image_name_labeled/23001_rot22_labeled/90-100/88.8mg/88.8_1679892715_2972576618_.jpg,88.8,96.54061
394,04_image_name_labeled/23001_rot22_labeled/90-100/88.8mg/88.8_1679892715_5630857944_.jpg,88.8,92.99644
395,04_image_name_labeled/23001_rot22_labeled/90-100/88.8mg/88.8_1679892715_3275382519_.jpg,88.8,98.712975
396,04_image_name_labeled/BIG23001_rot_labeled/A53/230307/86.4_1678847618_7141759396_.jpg,86.4,91.28922
397,04_image_name_labeled/BIG23001_rot_labeled/S22/230307/86.4_433432.jpg,86.4,101.19319
398,04_image_name_labeled/23001_rot22_labeled/90-100/88.8mg/88.8_1679892715_5157916546_.jpg,88.8,90.54736
399,04_image_name_labeled/23001_rot22_labeled/90-100/88.8mg/88.8_1679892715_1581385136_.jpg,88.8,103.6081
400,04_image_name_labeled/BIG23001_rot_labeled/A53/230307/86.4_1678847618_7301967144_.jpg,86.4,88.14023
401,04_image_name_labeled/23001_rot22_labeled/90-100/88.8mg/88.8_1679892715_4214510918_.jpg,88.8,89.57398
402,04_image_name_labeled/23001_rot22_labeled/90-100/88.8mg/88.8_1679892715_6086540222_.jpg,88.8,86.994225
403,04_image_name_labeled/23001_rot22_labeled/90-100/88.8mg/88.8_1679892715_4060261250_.jpg,88.8,91.879906
404,04_image_name_labeled/23001_rot22_labeled/90-100/88.8mg/88.8_1679892715_4529621601_.jpg,88.8,91.56151
405,04_image_name_labeled/23001_rot22_labeled/90-100/88.8mg/88.8_1679892715_3586876392_.jpg,88.8,102.163
406,04_image_name_labeled/BIG23001_rot_labeled/A53/230307/86.4_1678847618_7458310127_.jpg,86.4,91.19485
407,04_image_name_labeled/23001_rot22_labeled/90-100/88.8mg/88.8_1679892715_2198755741_.jpg,88.8,101.8059
408,04_image_name_labeled/23001_rot22_labeled/90-100/88.8mg/88.8_1679892715_3118324280_.jpg,88.8,89.62781
409,04_image_name_labeled/23001_rot22_labeled/90-100/95mg/95.0_1679892715_7802157402_.jpg,95.0,104.04233
410,04_image_name_labeled/23001_rot22_labeled/90-100/99.6mg/99.6_1679892716_5921437740_.jpg,99.6,85.01185
411,04_image_name_labeled/23001_rot22_labeled/90-100/95mg/95.0_1679892716_0607521534_.jpg,95.0,104.998245
412,04_image_name_labeled/23001_rot22_labeled/90-100/99.6mg/99.6_1679892716_5603048801_.jpg,99.6,97.12164
413,04_image_name_labeled/23001_rot22_labeled/90-100/99.6mg/99.6_1679892716_5447454453_.jpg,99.6,99.49887
414,04_image_name_labeled/23001_rot22_labeled/90-100/99.6mg/99.6_1679892716_6072735786_.jpg,99.6,108.51402
415,04_image_name_labeled/23001_rot22_labeled/90-100/99.6mg/99.6_1679892716_4026858807_.jpg,99.6,101.51442
416,04_image_name_labeled/23001_rot22_labeled/90-100/95mg/95.0_1679892715_7012543678_.jpg,95.0,89.450005
417,04_image_name_labeled/23001_rot22_labeled/90-100/99.6mg/99.6_1679892716_3715126514_.jpg,99.6,107.59664
418,04_image_name_labeled/23001_rot22_labeled/90-100/99.6mg/99.6_1679892716_1381511688_.jpg,99.6,97.59836
419,04_image_name_labeled/23001_rot22_labeled/90-100/95mg/95.0_1679892715_6852514744_.jpg,95.0,101.35884
420,04_image_name_labeled/23001_rot22_labeled/90-100/99.6mg/99.6_1679892716_1845541000_.jpg,99.6,127.994545
421,04_image_name_labeled/23001_rot22_labeled/90-100/95mg/95.0_1679892716_0297746658_.jpg,95.0,93.29457
422,04_image_name_labeled/23001_rot22_labeled/90-100/99.6mg/99.6_1679892716_2325565815_.jpg,99.6,102.56938
423,04_image_name_labeled/23001_rot22_labeled/90-100/95mg/95.0_1679892715_7962248325_.jpg,95.0,100.03602
424,04_image_name_labeled/23001_rot22_labeled/90-100/95mg/95.0_1679892715_9048893452_.jpg,95.0,96.37296
425,04_image_name_labeled/23001_rot22_labeled/90-100/99.6mg/99.6_1679892716_3404827118_.jpg,99.6,96.39908
426,04_image_name_labeled/23001_rot22_labeled/90-100/95mg/95.0_1679892716_1067497730_.jpg,95.0,110.41568
427,04_image_name_labeled/23001_rot22_labeled/90-100/99.6mg/99.6_1679892716_5763723850_.jpg,99.6,98.85723
428,04_image_name_labeled/23001_rot22_labeled/90-100/95mg/95.0_1679892715_9675793648_.jpg,95.0,98.299774
429,04_image_name_labeled/23001_rot22_labeled/90-100/99.6mg/99.6_1679892716_1685550213_.jpg,99.6,95.0798
430,04_image_name_labeled/23001_rot22_labeled/90-100/99.6mg/99.6_1679892716_2165541649_.jpg,99.6,93.83908
431,04_image_name_labeled/23001_rot22_labeled/90-100/95mg/95.0_1679892715_7490587234_.jpg,95.0,108.01639
432,04_image_name_labeled/23001_rot22_labeled/90-100/99.6mg/99.6_1679892716_1536655426_.jpg,99.6,100.43728
433,04_image_name_labeled/23001_rot22_labeled/90-100/99.6mg/99.6_1679892716_2793548107_.jpg,99.6,104.60941
434,04_image_name_labeled/23001_rot22_labeled/90-100/95mg/95.0_1679892715_8424575329_.jpg,95.0,90.20663
435,04_image_name_labeled/23001_rot22_labeled/90-100/99.6mg/99.6_1679892716_2005538940_.jpg,99.6,97.97572
436,04_image_name_labeled/23001_rot22_labeled/90-100/99.6mg/99.6_1679892716_2943558693_.jpg,99.6,103.756714
437,04_image_name_labeled/23001_rot22_labeled/90-100/95mg/95.0_1679892716_0147721767_.jpg,95.0,110.18172
438,04_image_name_labeled/23001_rot22_labeled/90-100/95mg/95.0_1679892716_0449542999_.jpg,95.0,105.35699
439,04_image_name_labeled/23001_rot22_labeled/90-100/95mg/95.0_1679892716_0757441521_.jpg,95.0,108.391556
440,04_image_name_labeled/23001_rot22_labeled/90-100/99.6mg/99.6_1679892716_5292294025_.jpg,99.6,108.04349
441,04_image_name_labeled/23001_rot22_labeled/90-100/99.6mg/99.6_1679892716_5132250786_.jpg,99.6,105.06918
442,04_image_name_labeled/23001_rot22_labeled/90-100/95mg/95.0_1679892715_8594112396_.jpg,95.0,96.83469
443,04_image_name_labeled/23001_rot22_labeled/90-100/95mg/95.0_1679892715_8896079063_.jpg,95.0,101.503006
444,04_image_name_labeled/23001_rot22_labeled/90-100/95mg/95.0_1679892715_9986917973_.jpg,95.0,110.35724
445,04_image_name_labeled/23001_rot22_labeled/90-100/99.6mg/99.6_1679892716_2480633259_.jpg,99.6,100.58078
446,04_image_name_labeled/23001_rot22_labeled/90-100/95mg/95.0_1679892715_6699333191_.jpg,95.0,101.620155
447,04_image_name_labeled/23001_rot22_labeled/90-100/95mg/95.0_1679892715_7648882866_.jpg,95.0,104.7749
448,04_image_name_labeled/23001_rot22_labeled/90-100/99.6mg/99.6_1679892716_4336919785_.jpg,99.6,93.61411
449,04_image_name_labeled/23001_rot22_labeled/90-100/95mg/95.0_1679892715_8739614487_.jpg,95.0,111.23264
450,04_image_name_labeled/23001_rot22_labeled/90-100/95mg/95.0_1679892715_9199354649_.jpg,95.0,97.09492
451,04_image_name_labeled/23001_rot22_labeled/90-100/99.6mg/99.6_1679892716_4176857471_.jpg,99.6,92.44869
452,04_image_name_labeled/23001_rot22_labeled/90-100/95mg/95.0_1679892715_8269526958_.jpg,95.0,107.00324
453,04_image_name_labeled/23001_rot22_labeled/90-100/99.6mg/99.6_1679892716_2637295723_.jpg,99.6,100.682915
454,04_image_name_labeled/23001_rot22_labeled/90-100/95mg/95.0_1679892715_6395356655_.jpg,95.0,120.815544
455,04_image_name_labeled/23001_rot22_labeled/90-100/95mg/95.0_1679892715_8116731644_.jpg,95.0,104.07768
456,04_image_name_labeled/23001_rot22_labeled/90-100/99.6mg/99.6_1679892716_3872613907_.jpg,99.6,109.21559
457,04_image_name_labeled/23001_rot22_labeled/90-100/99.6mg/99.6_1679892716_3096725941_.jpg,99.6,107.59785
458,04_image_name_labeled/23001_rot22_labeled/90-100/95mg/95.0_1679892715_7332568169_.jpg,95.0,90.28321
459,04_image_name_labeled/23001_rot22_labeled/90-100/108.8mg/108.8_1679892714_2069916725_.jpg,108.8,94.80922
460,04_image_name_labeled/BIG23001_rot_labeled/A53/230306/109_1678847617_8515431881_.jpg,109.0,104.49009
461,04_image_name_labeled/23001_rot22_labeled/90-100/108.8mg/108.8_1679892714_1909916401_.jpg,108.8,104.62861
462,04_image_name_labeled/BIG23001_rot_labeled/S22/230303/109_1678847618_8556065559_.jpg,109.0,108.30061
463,04_image_name_labeled/BIG23001_rot_labeled/A33/230303/109_1678847616_6729106903_.jpg,109.0,104.27446
464,04_image_name_labeled/BIG23001_rot_labeled/A33/230306/109_1678847616_8465316296_.jpg,109.0,91.10428
465,04_image_name_labeled/23001_rot22_labeled/90-100/108.8mg/108.8_1679892714_3168690205_.jpg,108.8,99.47904
466,04_image_name_labeled/23001_rot22_labeled/90-100/108.8mg/108.8_1679892714_4598107338_.jpg,108.8,113.31979
467,04_image_name_labeled/23001_rot22_labeled/90-100/108.8mg/108.8_1679892714_2388103008_.jpg,108.8,113.24804
468,04_image_name_labeled/23001_rot22_labeled/90-100/108.8mg/108.8_1679892714_4132971764_.jpg,108.8,89.69409
469,04_image_name_labeled/23001_rot22_labeled/90-100/108.8mg/108.8_1679892714_5213069916_.jpg,108.8,109.97103
470,04_image_name_labeled/23001_rot22_labeled/90-100/108.8mg/108.8_1679892714_2229917049_.jpg,108.8,115.14248
471,04_image_name_labeled/BIG23001_rot_labeled/A53/230306/109_1678847617_8984179497_.jpg,109.0,96.65632
472,04_image_name_labeled/BIG23001_rot_labeled/A53/230306/109_1678847617_9300999641_.jpg,109.0,95.66003
473,04_image_name_labeled/BIG23001_rot_labeled/A53/230306/109_1678847617_9140882492_.jpg,109.0,109.80064
474,04_image_name_labeled/23001_rot22_labeled/90-100/108.8mg/108.8_1679892714_5841112137_.jpg,108.8,107.67547
475,04_image_name_labeled/BIG23001_rot_labeled/A53/230306/109_1678847617_8671731949_.jpg,109.0,99.8962
476,04_image_name_labeled/BIG23001_rot_labeled/A53/230303/109_1678847617_7417674065_.jpg,109.0,104.65529
477,04_image_name_labeled/23001_rot22_labeled/90-100/108.8mg/108.8_1679892714_5991091728_.jpg,108.8,129.4638
478,04_image_name_labeled/BIG23001_rot_labeled/S22/230306/109_1678847618_9653849602_.jpg,109.0,99.2368
479,04_image_name_labeled/BIG23001_rot_labeled/A33/230306/109_1678847616_8621575832_.jpg,109.0,102.71547
480,04_image_name_labeled/BIG23001_rot_labeled/S22/230306/109_1678847619_0439152718_.jpg,109.0,106.784386
481,04_image_name_labeled/23001_rot22_labeled/90-100/108.8mg/108.8_1679892714_4750051498_.jpg,108.8,129.64127
482,04_image_name_labeled/BIG23001_rot_labeled/A33/230306/109_1678847616_7992539406_.jpg,109.0,109.13992
483,04_image_name_labeled/BIG23001_rot_labeled/S22/230303/109_1678847618_8712296486_.jpg,109.0,106.428635
484,04_image_name_labeled/BIG23001_rot_labeled/A53/230303/109_1678847617_7261292934_.jpg,109.0,107.022995
485,04_image_name_labeled/23001_rot22_labeled/90-100/108.8mg/108.8_1679892714_3961894512_.jpg,108.8,105.771225
486,04_image_name_labeled/23001_rot22_labeled/90-100/108.8mg/108.8_1679892714_5683164597_.jpg,108.8,106.994865
487,04_image_name_labeled/BIG23001_rot_labeled/S22/230306/109_1678847619_0282800198_.jpg,109.0,114.61405
488,04_image_name_labeled/23001_rot22_labeled/90-100/108.8mg/108.8_1679892714_4438114166_.jpg,108.8,126.451866
489,04_image_name_labeled/BIG23001_rot_labeled/S22/230306/109_1678847619_0122637749_.jpg,109.0,98.138275
490,04_image_name_labeled/BIG23001_rot_labeled/A33/230306/109_1678847616_7520585060_.jpg,109.0,114.36247
491,04_image_name_labeled/23001_rot22_labeled/90-100/108.8mg/108.8_1679892714_3801889420_.jpg,108.8,115.804115
492,04_image_name_labeled/23001_rot22_labeled/90-100/108.8mg/108.8_1679892714_5057723522_.jpg,108.8,120.27109
493,04_image_name_labeled/BIG23001_rot_labeled/A33/230303/109_1678847616_6570644379_.jpg,109.0,115.844536
494,04_image_name_labeled/23001_rot22_labeled/90-100/108.8mg/108.8_1679892714_5373139381_.jpg,108.8,98.90602
495,04_image_name_labeled/BIG23001_rot_labeled/A33/230306/109_1678847616_7836136818_.jpg,109.0,103.47877
496,04_image_name_labeled/23001_rot22_labeled/90-100/108.8mg/108.8_1679892714_4910535812_.jpg,108.8,116.24221
497,04_image_name_labeled/23001_rot22_labeled/90-100/108.8mg/108.8_1679892714_1449346542_.jpg,108.8,100.67932
498,04_image_name_labeled/BIG23001_rot_labeled/S22/230306/109_1678847618_9810082912_.jpg,109.0,102.09057
499,04_image_name_labeled/23001_rot22_labeled/90-100/118.8mg/118.8_1679892714_9092752934_.jpg,118.8,124.91015
500,04_image_name_labeled/23001_rot22_labeled/90-100/118.8mg/118.8_1679892714_9401273727_.jpg,118.8,130.39058
501,04_image_name_labeled/23001_rot22_labeled/90-100/118.8mg/118.8_1679892715_0345535278_.jpg,118.8,104.17431
502,04_image_name_labeled/23001_rot22_labeled/90-100/118.8mg/118.8_1679892714_8784542084_.jpg,118.8,100.30753
503,04_image_name_labeled/23001_rot22_labeled/90-100/118.8mg/118.8_1679892715_0497970581_.jpg,118.8,101.49324
504,04_image_name_labeled/23001_rot22_labeled/90-100/118.8mg/118.8_1679892714_8629710674_.jpg,118.8,119.28503
505,04_image_name_labeled/23001_rot22_labeled/90-100/118.8mg/118.8_1679892715_0957989693_.jpg,118.8,104.73687
506,04_image_name_labeled/23001_rot22_labeled/90-100/118.8mg/118.8_1679892715_0034565926_.jpg,118.8,126.14633
507,04_image_name_labeled/23001_rot22_labeled/90-100/118.8mg/118.8_1679892714_7398066521_.jpg,118.8,115.105774
508,04_image_name_labeled/23001_rot22_labeled/90-100/118.8mg/118.8_1679892714_9881010056_.jpg,118.8,122.817535
509,04_image_name_labeled/23001_rot22_labeled/90-100/118.8mg/118.8_1679892715_1266293526_.jpg,118.8,122.88778
510,04_image_name_labeled/23001_rot22_labeled/90-100/118.8mg/118.8_1679892715_0195353031_.jpg,118.8,118.56544
511,04_image_name_labeled/23001_rot22_labeled/90-100/118.8mg/118.8_1679892714_7246577740_.jpg,118.8,102.31106
512,04_image_name_labeled/23001_rot22_labeled/90-100/118.8mg/118.8_1679892714_6453819275_.jpg,118.8,113.06318
513,04_image_name_labeled/23001_rot22_labeled/90-100/118.8mg/118.8_1679892715_1110908985_.jpg,118.8,118.27293
514,04_image_name_labeled/23001_rot22_labeled/90-100/118.8mg/118.8_1679892714_8941066265_.jpg,118.8,111.31443
515,04_image_name_labeled/23001_rot22_labeled/90-100/118.8mg/118.8_1679892714_9721217155_.jpg,118.8,115.06576
516,04_image_name_labeled/23001_rot22_labeled/90-100/118.8mg/118.8_1679892714_6765851974_.jpg,118.8,103.603134
517,04_image_name_labeled/23001_rot22_labeled/90-100/118.8mg/118.8_1679892714_8319792747_.jpg,118.8,125.22042
518,04_image_name_labeled/23001_rot22_labeled/90-100/118.8mg/118.8_1679892715_0648846626_.jpg,118.8,104.612564
519,04_image_name_labeled/23001_rot22_labeled/90-100/118.8mg/118.8_1679892714_6613080502_.jpg,118.8,143.08173
520,04_image_name_labeled/23001_rot22_labeled/90-100/118.8mg/118.8_1679892714_7549219131_.jpg,118.8,111.648926
521,04_image_name_labeled/BIG23001_rot_labeled/S22/230306/126_1678847619_0751621723_.jpg,126.0,109.09115
522,04_image_name_labeled/BIG23001_rot_labeled/A53/230306/126_1678847617_9613590240_.jpg,126.0,115.22963
523,04_image_name_labeled/BIG23001_rot_labeled/S22/230306/126_1678847619_0907864571_.jpg,126.0,112.91727
524,04_image_name_labeled/BIG23001_rot_labeled/A53/230306/126_1678847617_9926059246_.jpg,126.0,108.96423
525,04_image_name_labeled/BIG23001_rot_labeled/A33/230306/126_1678847616_8777790070_.jpg,126.0,118.13249
526,04_image_name_labeled/BIG23001_rot_labeled/S22/230306/126_1678847619_0595402718_.jpg,126.0,121.954254
527,04_image_name_labeled/BIG23001_rot_labeled/A33/230306/126_1678847616_9090290070_.jpg,126.0,118.257095
528,04_image_name_labeled/BIG23001_rot_labeled/A53/230306/126_1678847617_9769840240_.jpg,126.0,116.82772
529,04_image_name_labeled/23001_rot22_labeled/130-150/133.5mg/133.5_1679892709_9755010605_.jpg,133.5,130.48549
530,04_image_name_labeled/23001_rot22_labeled/130-150/132mg/132_1679892709_4881327152_.jpg,132.0,143.59647
531,04_image_name_labeled/23001_rot22_labeled/130-150/132mg/132_1679892709_2243950367_.jpg,132.0,125.31264
532,04_image_name_labeled/23001_rot22_labeled/130-150/133.5mg/133.5_1679892709_6612997055_.jpg,133.5,115.74854
533,04_image_name_labeled/23001_rot22_labeled/130-150/132mg/132_1679892709_2714848518_.jpg,132.0,139.35826
534,04_image_name_labeled/23001_rot22_labeled/130-150/133.5mg/133.5_1679892709_7093000412_.jpg,133.5,134.46834
535,04_image_name_labeled/23001_rot22_labeled/130-150/133.5mg/133.5_1679892710_0075008869_.jpg,133.5,134.79276
536,04_image_name_labeled/23001_rot22_labeled/130-150/132mg/132_1679892709_1783938408_.jpg,132.0,138.27185
537,04_image_name_labeled/23001_rot22_labeled/130-150/132mg/132_1679892709_2870149612_.jpg,132.0,132.47934
538,04_image_name_labeled/23001_rot22_labeled/130-150/132mg/132_1679892709_1471776962_.jpg,132.0,146.11134
539,04_image_name_labeled/23001_rot22_labeled/130-150/133.5mg/133.5_1679892709_6773030758_.jpg,133.5,130.06712
540,04_image_name_labeled/23001_rot22_labeled/130-150/132mg/132_1679892709_5511550903_.jpg,132.0,130.47276
541,04_image_name_labeled/23001_rot22_labeled/130-150/133.5mg/133.5_1679892709_9124896526_.jpg,133.5,124.35614
542,04_image_name_labeled/23001_rot22_labeled/130-150/132mg/132_1679892709_4571328163_.jpg,132.0,142.69138
543,04_image_name_labeled/23001_rot22_labeled/130-150/133.5mg/133.5_1679892710_1009695530_.jpg,133.5,129.1941
544,04_image_name_labeled/23001_rot22_labeled/130-150/133.5mg/133.5_1679892709_7719359398_.jpg,133.5,141.9253
545,04_image_name_labeled/23001_rot22_labeled/130-150/132mg/132_1679892709_5351371765_.jpg,132.0,141.15887
546,04_image_name_labeled/23001_rot22_labeled/130-150/133.5mg/133.5_1679892709_6933002472_.jpg,133.5,138.70798
547,04_image_name_labeled/23001_rot22_labeled/130-150/133.5mg/133.5_1679892710_1165051460_.jpg,133.5,138.57123
548,04_image_name_labeled/23001_rot22_labeled/130-150/132mg/132_1679892709_6452996731_.jpg,132.0,135.86472
549,04_image_name_labeled/23001_rot22_labeled/130-150/132mg/132_1679892709_2399547100_.jpg,132.0,117.7327
550,04_image_name_labeled/23001_rot22_labeled/130-150/133.5mg/133.5_1679892709_9595010281_.jpg,133.5,128.19861
551,04_image_name_labeled/23001_rot22_labeled/130-150/132mg/132_1679892709_3332662582_.jpg,132.0,137.51666
552,04_image_name_labeled/23001_rot22_labeled/130-150/132mg/132_1679892709_2083923817_.jpg,132.0,131.69453
553,04_image_name_labeled/23001_rot22_labeled/130-150/132mg/132_1679892709_4269778728_.jpg,132.0,145.10251
554,04_image_name_labeled/23001_rot22_labeled/130-150/133.5mg/133.5_1679892709_8496065140_.jpg,133.5,137.4415
555,04_image_name_labeled/23001_rot22_labeled/130-150/132mg/132_1679892709_3180470467_.jpg,132.0,132.1532
556,04_image_name_labeled/23001_rot22_labeled/130-150/133.5mg/133.5_1679892709_7410335541_.jpg,133.5,101.963554
557,04_image_name_labeled/23001_rot22_labeled/130-150/132mg/132_1679892709_6301584244_.jpg,132.0,135.23923
558,04_image_name_labeled/23001_rot22_labeled/130-150/132mg/132_1679892709_5031325817_.jpg,132.0,126.82074
559,04_image_name_labeled/23001_rot22_labeled/130-150/132mg/132_1679892709_3498075008_.jpg,132.0,132.47218
560,04_image_name_labeled/23001_rot22_labeled/130-150/132mg/132_1679892709_5671548843_.jpg,132.0,135.57634
561,04_image_name_labeled/23001_rot22_labeled/130-150/132mg/132_1679892709_5991542339_.jpg,132.0,132.13449
562,04_image_name_labeled/23001_rot22_labeled/130-150/132mg/132_1679892709_1933915615_.jpg,132.0,135.57118
563,04_image_name_labeled/23001_rot22_labeled/130-150/133.5mg/133.5_1679892710_0549652576_.jpg,133.5,133.86723
564,04_image_name_labeled/23001_rot22_labeled/130-150/132mg/132_1679892709_2559580803_.jpg,132.0,130.14937
565,04_image_name_labeled/23001_rot22_labeled/130-150/133.5mg/133.5_1679892710_0389659405_.jpg,133.5,145.11937
566,04_image_name_labeled/23001_rot22_labeled/130-150/132mg/132_1679892709_4109747410_.jpg,132.0,136.1517
567,04_image_name_labeled/23001_rot22_labeled/130-150/133.5mg/133.5_1679892710_1317698956_.jpg,133.5,129.34067
568,04_image_name_labeled/23001_rot22_labeled/130-150/133.5mg/133.5_1679892710_0849659443_.jpg,133.5,120.94115
569,04_image_name_labeled/23001_rot22_labeled/130-150/133.5mg/133.5_1679892709_9435007572_.jpg,133.5,134.16713
570,04_image_name_labeled/23001_rot22_labeled/130-150/133.5mg/133.5_1679892709_8811621666_.jpg,133.5,123.34523
571,04_image_name_labeled/23001_rot22_labeled/130-150/144-1mg/144_1679892710_1942799091_.jpg,144.0,149.67606
572,04_image_name_labeled/23001_rot22_labeled/130-150/144-1mg/144_1679892710_3660240173_.jpg,144.0,109.38062
573,04_image_name_labeled/23001_rot22_labeled/130-150/144-1mg/144_1679892710_1632800102_.jpg,144.0,145.7817
574,04_image_name_labeled/23001_rot22_labeled/130-150/144-1mg/144_1679892710_4584112167_.jpg,144.0,140.72882
575,04_image_name_labeled/23001_rot22_labeled/130-150/144-1mg/144_1679892710_5821609497_.jpg,144.0,138.0691
576,04_image_name_labeled/23001_rot22_labeled/130-150/144-1mg/144_1679892710_4886760712_.jpg,144.0,121.22532
577,04_image_name_labeled/23001_rot22_labeled/130-150/144-1mg/144_1679892710_3811538219_.jpg,144.0,131.55757
578,04_image_name_labeled/23001_rot22_labeled/130-150/144-1mg/144_1679892710_4736764431_.jpg,144.0,145.67133
579,04_image_name_labeled/23001_rot22_labeled/130-150/144-1mg/144_1679892710_4271445274_.jpg,144.0,153.3613
580,04_image_name_labeled/23001_rot22_labeled/130-150/144-1mg/144_1679892710_6455636024_.jpg,144.0,135.39536
581,04_image_name_labeled/23001_rot22_labeled/130-150/144-1mg/144_1679892710_3967628479_.jpg,144.0,139.94502
582,04_image_name_labeled/23001_rot22_labeled/130-150/144-1mg/144_1679892710_5667560101_.jpg,144.0,125.89959
583,04_image_name_labeled/23001_rot22_labeled/130-150/144-1mg/144_1679892710_5355415344_.jpg,144.0,127.95027
584,04_image_name_labeled/23001_rot22_labeled/130-150/144-1mg/144_1679892710_5982201099_.jpg,144.0,152.35524
585,04_image_name_labeled/23001_rot22_labeled/130-150/144-1mg/144_1679892710_2252836227_.jpg,144.0,155.47755
586,04_image_name_labeled/23001_rot22_labeled/130-150/144-1mg/144_1679892710_1792798042_.jpg,144.0,144.73097
587,04_image_name_labeled/23001_rot22_labeled/130-150/144-1mg/144_1679892710_6301531792_.jpg,144.0,140.99255
588,04_image_name_labeled/23001_rot22_labeled/130-150/144-1mg/144_1679892710_4117650986_.jpg,144.0,139.39522
589,04_image_name_labeled/23001_rot22_labeled/130-150/144-1mg/144_1679892710_6141839027_.jpg,144.0,135.05391
590,04_image_name_labeled/23001_rot22_labeled/130-150/144-1mg/144_1679892710_5200047493_.jpg,144.0,139.67438
591,04_image_name_labeled/23001_rot22_labeled/130-150/144-1mg/144_1679892710_2727925777_.jpg,144.0,136.88957
592,04_image_name_labeled/23001_rot22_labeled/130-150/144-1mg/144_1679892710_2887926102_.jpg,144.0,131.99338
593,04_image_name_labeled/23001_rot22_labeled/130-150/144-1mg/144_1679892710_2567927837_.jpg,144.0,144.75423
594,04_image_name_labeled/23001_rot22_labeled/130-150/144-1mg/144_1679892710_3196861744_.jpg,144.0,140.16815
595,04_image_name_labeled/23001_rot22_labeled/130-150/144-1mg/144_1679892710_2092802525_.jpg,144.0,143.31483
596,04_image_name_labeled/23001_rot22_labeled/130-150/146.4mg/146.4_1679892711_1167232990_.jpg,146.4,127.17028
597,04_image_name_labeled/23001_rot22_labeled/130-150/146.4mg/146.4_1679892710_8645837307_.jpg,146.4,133.63737
598,04_image_name_labeled/23001_rot22_labeled/130-150/146.4mg/146.4_1679892710_9263463020_.jpg,146.4,140.0246
599,04_image_name_labeled/23001_rot22_labeled/130-150/146.4mg/146.4_1679892711_1321647167_.jpg,146.4,142.7857
600,04_image_name_labeled/23001_rot22_labeled/130-150/146.4mg/146.4_1679892710_7400848866_.jpg,146.4,138.7516
601,04_image_name_labeled/23001_rot22_labeled/130-150/146.4mg/146.4_1679892711_1012909412_.jpg,146.4,135.39777
602,04_image_name_labeled/23001_rot22_labeled/130-150/146.4mg/146.4_1679892711_0372860432_.jpg,146.4,135.89772
603,04_image_name_labeled/23001_rot22_labeled/130-150/146.4mg/146.4_1679892711_0207746029_.jpg,146.4,146.43555
604,04_image_name_labeled/23001_rot22_labeled/130-150/146.4mg/146.4_1679892710_9579730034_.jpg,146.4,144.5103
605,04_image_name_labeled/23001_rot22_labeled/130-150/146.4mg/146.4_1679892710_6772513390_.jpg,146.4,149.30614
606,04_image_name_labeled/23001_rot22_labeled/130-150/146.4mg/146.4_1679892710_8806655407_.jpg,146.4,144.92746
607,04_image_name_labeled/23001_rot22_labeled/130-150/146.4mg/146.4_1679892710_6922450066_.jpg,146.4,143.41232
608,04_image_name_labeled/23001_rot22_labeled/130-150/146.4mg/146.4_1679892711_0532908440_.jpg,146.4,121.987305
609,04_image_name_labeled/23001_rot22_labeled/130-150/146.4mg/146.4_1679892710_9893970490_.jpg,146.4,138.59642
610,04_image_name_labeled/23001_rot22_labeled/130-150/146.4mg/146.4_1679892710_8954563141_.jpg,146.4,143.53561
611,04_image_name_labeled/23001_rot22_labeled/130-150/146.4mg/146.4_1679892710_7869541645_.jpg,146.4,129.47061
612,04_image_name_labeled/23001_rot22_labeled/130-150/146.4mg/146.4_1679892710_9733965397_.jpg,146.4,149.00345
613,04_image_name_labeled/23001_rot22_labeled/130-150/146.4mg/146.4_1679892711_1481239796_.jpg,146.4,140.00415
614,04_image_name_labeled/23001_rot22_labeled/130-150/146.4mg/146.4_1679892710_8341255188_.jpg,146.4,148.63885
615,04_image_name_labeled/23001_rot22_labeled/130-150/146.4mg/146.4_1679892710_6612133980_.jpg,146.4,140.10913
616,04_image_name_labeled/23001_rot22_labeled/130-150/146.4mg/146.4_1679892711_0692918301_.jpg,146.4,142.68002
617,04_image_name_labeled/23001_rot22_labeled/130-150/146.4mg/146.4_1679892710_7082636356_.jpg,146.4,137.45857
618,04_image_name_labeled/23001_rot22_labeled/130-150/146.4mg/146.4_1679892710_8021178246_.jpg,146.4,131.28217
619,04_image_name_labeled/23001_rot22_labeled/130-150/150mg/150_1679892711_4600822926_.jpg,150.0,139.74904
620,04_image_name_labeled/23001_rot22_labeled/130-150/150mg/150_1679892711_3969457150_.jpg,150.0,151.18715
621,04_image_name_labeled/23001_rot22_labeled/130-150/150mg/150_1679892711_3338298798_.jpg,150.0,136.17502
622,04_image_name_labeled/23001_rot22_labeled/130-150/150mg/150_1679892711_5379781723_.jpg,150.0,144.00768
623,04_image_name_labeled/23001_rot22_labeled/130-150/150mg/150_1679892711_5229580402_.jpg,150.0,146.91959
624,04_image_name_labeled/23001_rot22_labeled/130-150/150mg/150_1679892711_3810203075_.jpg,150.0,133.62062
625,04_image_name_labeled/23001_rot22_labeled/130-150/150mg/150_1679892711_4759812355_.jpg,150.0,149.58916
626,04_image_name_labeled/23001_rot22_labeled/130-150/150mg/150_1679892711_5847625732_.jpg,150.0,142.10207
627,04_image_name_labeled/23001_rot22_labeled/130-150/150mg/150_1679892711_3186147213_.jpg,150.0,148.0673
628,04_image_name_labeled/23001_rot22_labeled/130-150/150mg/150_1679892711_3494195938_.jpg,150.0,119.63252
629,04_image_name_labeled/23001_rot22_labeled/130-150/150mg/150_1679892711_5693731308_.jpg,150.0,151.70438
630,04_image_name_labeled/23001_rot22_labeled/130-150/150mg/150_1679892711_6321632862_.jpg,150.0,147.44203
631,04_image_name_labeled/23001_rot22_labeled/130-150/150mg/150_1679892711_6475243568_.jpg,150.0,149.98183
632,04_image_name_labeled/23001_rot22_labeled/130-150/150mg/150_1679892711_1943171024_.jpg,150.0,151.05661
633,04_image_name_labeled/23001_rot22_labeled/130-150/150mg/150_1679892711_6793093681_.jpg,150.0,146.04202
634,04_image_name_labeled/23001_rot22_labeled/130-150/150mg/150_1679892711_2253196239_.jpg,150.0,137.1486
635,04_image_name_labeled/23001_rot22_labeled/130-150/150mg/150_1679892711_2093191147_.jpg,150.0,141.65558
636,04_image_name_labeled/23001_rot22_labeled/130-150/150mg/150_1679892711_3649604321_.jpg,150.0,140.79636
637,04_image_name_labeled/23001_rot22_labeled/130-150/150mg/150_1679892711_4919812679_.jpg,150.0,146.69814
638,04_image_name_labeled/23001_rot22_labeled/130-150/150mg/150_1679892711_6168248653_.jpg,150.0,140.30176
639,04_image_name_labeled/23001_rot22_labeled/130-150/150mg/150_1679892711_3030514717_.jpg,150.0,138.74162
640,04_image_name_labeled/23001_rot22_labeled/130-150/150mg/150_1679892711_2555949688_.jpg,150.0,140.2346
641,04_image_name_labeled/BIG23001_rot_labeled/A53/230306/169.5_1678847618_0398778915_.jpg,169.5,160.71155
642,04_image_name_labeled/BIG23001_rot_labeled/A53/230306/169.5_1678847618_0555043221_.jpg,169.5,171.61374
643,04_image_name_labeled/BIG23001_rot_labeled/A53/230306/169.5_1678847618_0242447853_.jpg,169.5,157.90526
644,04_image_name_labeled/BIG23001_rot_labeled/A53/230306/169.5_1678847618_0711321831_.jpg,169.5,167.43459
645,04_image_name_labeled/BIG23001_rot_labeled/A33/230306/170_1678847616_9719307423_.jpg,170.0,154.6203
646,04_image_name_labeled/BIG23001_rot_labeled/A53/230303/170_1678847617_7573912144_.jpg,170.0,169.68446
647,04_image_name_labeled/BIG23001_rot_labeled/S22/230306/170_1678847619_1220388412_.jpg,170.0,134.99042
648,04_image_name_labeled/BIG23001_rot_labeled/S22/230303/170_1678847618_8868551254_.jpg,170.0,160.32594
649,04_image_name_labeled/BIG23001_rot_labeled/S22/230306/170_1678847619_1380586624_.jpg,170.0,147.33763
650,04_image_name_labeled/BIG23001_rot_labeled/A33/230303/170_1678847616_6887629032_.jpg,170.0,167.06743
651,04_image_name_labeled/BIG23001_rot_labeled/S22/230303/170_1678847618_9024813175_.jpg,170.0,139.59013
652,04_image_name_labeled/BIG23001_rot_labeled/A53/230303/170_1678847617_7730112076_.jpg,170.0,169.08337
653,04_image_name_labeled/BIG23001_rot_labeled/A33/230303/170_1678847616_7043986320_.jpg,170.0,164.57803
654,04_image_name_labeled/BIG23001_rot_labeled/A33/230306/170_1678847617_0036890507_.jpg,170.0,142.89806
655,04_image_name_labeled/23001_rot22_labeled/1-10/4.3mg/4.3_1679892706_7985053062_.jpg,4.3,6.2727966
656,04_image_name_labeled/23001_rot22_labeled/1-10/4.3mg/4.3_1679892706_7683763504_.jpg,4.3,6.908646
657,04_image_name_labeled/23001_rot22_labeled/1-10/4.3mg/4.3_1679892706_5809729099_.jpg,4.3,5.6059403
658,04_image_name_labeled/BIG23001_rot_labeled/A53/230307/4.4 _1678847618_4160926342_.jpg,4.4,9.166712
659,04_image_name_labeled/23001_rot22_labeled/1-10/6.2mg/6.2_1679892707_0150516033_.jpg,6.2,3.7624905
660,04_image_name_labeled/23001_rot22_labeled/1-10/9.2mg-1/9.2_1679892708_6607415676_.jpg,9.2,5.2762704
661,04_image_name_labeled/23001_rot22_labeled/1-10/9.2mg-1/9.2_1679892708_7565383911_.jpg,9.2,6.8456035
662,04_image_name_labeled/23001_rot22_labeled/1-10/9.2mg/9.2_1679892708_4896168709_.jpg,9.2,13.41354
663,04_image_name_labeled/23001_rot22_labeled/1-10/6.2mg/6.2_1679892706_8910849094_.jpg,6.2,5.200197
664,04_image_name_labeled/23001_rot22_labeled/1-10/8.5mg/8.5_1679892708_0341305733_.jpg,8.5,8.363745
665,04_image_name_labeled/23001_rot22_labeled/1-10/6.2mg/6.2_1679892707_0000507832_.jpg,6.2,11.128571
666,04_image_name_labeled/23001_rot22_labeled/1-10/9.2mg/9.2_1679892708_5681889057_.jpg,9.2,10.111037
667,04_image_name_labeled/23001_rot22_labeled/1-10/6.6mg-1/6.6_1679892707_2497031689_.jpg,6.6,6.5646744
668,04_image_name_labeled/23001_rot22_labeled/1-10/9.2mg-1/9.2_1679892709_0368354321_.jpg,9.2,8.92269
669,04_image_name_labeled/23001_rot22_labeled/1-10/6.6mg-1/6.6_1679892707_5932404995_.jpg,6.6,7.049312
670,04_image_name_labeled/23001_rot22_labeled/1-10/6.2mg/6.2_1679892707_1248626709_.jpg,6.2,3.9359381
671,04_image_name_labeled/23001_rot22_labeled/1-10/6.2mg/6.2_1679892707_0775628090_.jpg,6.2,5.7379427
672,04_image_name_labeled/23001_rot22_labeled/1-10/9.2mg/9.2_1679892708_3640630245_.jpg,9.2,13.285399
673,04_image_name_labeled/23001_rot22_labeled/1-10/10.5mg/10.5_1679892705_7375633717_.jpg,10.5,12.121353
674,04_image_name_labeled/23001_rot22_labeled/1-10/10.5mg/10.5_1679892705_5043256283_.jpg,10.5,7.718861
675,04_image_name_labeled/23001_rot22_labeled/1-10/10.5mg/10.5_1679892705_6903269291_.jpg,10.5,11.4612665
676,04_image_name_labeled/BIG23001_rot_labeled/A53/230307/11.2 _1678847618_2594273090_.jpg,11.2,12.29722
677,04_image_name_labeled/23001_rot22_labeled/1-10/13.6mg/13.6_1679892705_8777611256_.jpg,13.6,12.865581
678,04_image_name_labeled/23001_rot22_labeled/1-10/13.6mg/13.6_1679892706_2526535988_.jpg,13.6,11.598033
679,04_image_name_labeled/BIG23001_rot_labeled/S22/230307/11.2_1678847619_5610466003_.jpg,11.2,15.035385
680,04_image_name_labeled/BIG23001_rot_labeled/A33/230307/11.2_1678847617_1452305317_.jpg,11.2,11.633389
681,04_image_name_labeled/23001_rot22_labeled/1-10/10.5mg/10.5_1679892705_8146433830_.jpg,10.5,13.888527
682,04_image_name_labeled/23001_rot22_labeled/15-35/16.7mg/16.7_1679892712_1318235397_.jpg,16.7,15.194188
683,04_image_name_labeled/BIG23001_rot_labeled/A33/230307/19.6_1678847617_2080726624_.jpg,19.6,16.701563
684,04_image_name_labeled/BIG23001_rot_labeled/S22/230307/19.6_1678847619_6552026272_.jpg,19.6,14.506073
685,04_image_name_labeled/BIG23001_rot_labeled/S22/230307/19.6_1231235454.jpg,19.6,24.206518
686,04_image_name_labeled/23001_rot22_labeled/15-35/16.7mg/16.7_1679892711_7573578358_.jpg,16.7,11.314346
687,04_image_name_labeled/23001_rot22_labeled/15-35/16.7mg/16.7_1679892711_8976483345_.jpg,16.7,13.815951
688,04_image_name_labeled/23001_rot22_labeled/15-35/24mg-1/24_1679892712_7536768913_.jpg,24.0,24.084316
689,04_image_name_labeled/23001_rot22_labeled/15-35/24mg-1/24_1679892712_6914718151_.jpg,24.0,22.768322
690,04_image_name_labeled/23001_rot22_labeled/15-35/24mg/24_1679892712_3651671410_.jpg,24.0,28.542294
691,04_image_name_labeled/23001_rot22_labeled/15-35/24mg/24_1679892712_3341045380_.jpg,24.0,25.593548
692,04_image_name_labeled/23001_rot22_labeled/15-35/24mg/24_1679892712_2568941116_.jpg,24.0,25.49748
693,04_image_name_labeled/23001_rot22_labeled/15-35/24mg-1/24_1679892712_8798899651_.jpg,24.0,22.61057
694,04_image_name_labeled/23001_rot22_labeled/15-35/24mg-1/24_1679892713_0049624443_.jpg,24.0,29.126259
695,04_image_name_labeled/23001_rot22_labeled/15-35/24mg-1/24_1679892713_0199625492_.jpg,24.0,24.327797
696,04_image_name_labeled/23001_rot22_labeled/15-35/24mg/24_1679892712_5371932983_.jpg,24.0,22.500906
697,04_image_name_labeled/23001_rot22_labeled/15-35/32.3mg/32.3_1679892713_4734170437_.jpg,32.3,29.286997
698,04_image_name_labeled/23001_rot22_labeled/15-35/32.3mg/32.3_1679892713_1913945675_.jpg,32.3,36.48313
699,04_image_name_labeled/23001_rot22_labeled/15-35/32.3mg/32.3_1679892713_5832130909_.jpg,32.3,28.59491
700,04_image_name_labeled/23001_rot22_labeled/15-35/32.3mg/32.3_1679892713_2073950768_.jpg,32.3,24.655315
701,04_image_name_labeled/23001_rot22_labeled/15-35/32.3mg/32.3_1679892713_6147494316_.jpg,32.3,29.656471
702,04_image_name_labeled/23001_rot22_labeled/15-35/35.5mg/35.5_1679892713_9890720844_.jpg,35.5,40.294415
703,04_image_name_labeled/BIG23001_rot_labeled/A33/230307/35_1678847617_2709741592_.jpg,35.0,30.407919
704,04_image_name_labeled/BIG23001_rot_labeled/A53/230307/35 _1678847618_3379533291_.jpg,35.0,31.08852
705,04_image_name_labeled/23001_rot22_labeled/15-35/35.5mg/35.5_1679892714_0502121449_.jpg,35.5,31.848148
706,04_image_name_labeled/23001_rot22_labeled/15-35/35.5mg/35.5_1679892713_8173582554_.jpg,35.5,35.83905
708,04_image_name_labeled/BIG23001_rot_labeled/S22/230307/45_23987474.jpg,45.0,50.27348
710,04_image_name_labeled/BIG23001_rot_labeled/S22/230307/57_9873333.jpg,57.0,74.805466
711,04_image_name_labeled/BIG23001_rot_labeled/S22/230307/57 _1678847619_8591606617_.jpg,57.0,61.55418
712,04_image_name_labeled/BIG23001_rot_labeled/A53/230307/66.1_1678847618_6360380650_.jpg,66.1,60.819458
713,04_image_name_labeled/BIG23001_rot_labeled/A53/230307/77.6_1678847618_6829278469_.jpg,77.6,75.8015
714,04_image_name_labeled/BIG23001_rot_labeled/S22/230307/77.6_1678847620_0318446159_.jpg,77.6,91.459335
715,04_image_name_labeled/BIG23001_rot_labeled/S22/230307/77.6_1678847620_0001990795_.jpg,77.6,80.63723
716,04_image_name_labeled/BIG23001_rot_labeled/A53/230307/77.6_1678847618_6673030853_.jpg,77.6,76.987625
717,04_image_name_labeled/23001_rot22_labeled/90-100/88.8mg/88.8_1679892715_1735816002_.jpg,88.8,82.740036
718,04_image_name_labeled/23001_rot22_labeled/90-100/88.8mg/88.8_1679892715_4690485001_.jpg,88.8,123.37971
719,04_image_name_labeled/BIG23001_rot_labeled/S22/230307/86.4_1678847620_0787305832_.jpg,86.4,79.598694
720,04_image_name_labeled/23001_rot22_labeled/90-100/99.6mg/99.6_1679892716_4492249489_.jpg,99.6,97.61575
721,04_image_name_labeled/23001_rot22_labeled/90-100/95mg/95.0_1679892715_7172544003_.jpg,95.0,103.994965
722,04_image_name_labeled/23001_rot22_labeled/90-100/99.6mg/99.6_1679892716_4812250137_.jpg,99.6,91.28471
723,04_image_name_labeled/23001_rot22_labeled/90-100/99.6mg/99.6_1679892716_4652249813_.jpg,99.6,93.36314
724,04_image_name_labeled/23001_rot22_labeled/90-100/95mg/95.0_1679892715_9515790939_.jpg,95.0,98.64363
725,04_image_name_labeled/23001_rot22_labeled/90-100/108.8mg/108.8_1679892714_5526392460_.jpg,108.8,106.339226
726,04_image_name_labeled/23001_rot22_labeled/90-100/108.8mg/108.8_1679892714_3643157482_.jpg,108.8,122.624245
727,04_image_name_labeled/BIG23001_rot_labeled/A53/230306/109_1678847617_9457325935_.jpg,109.0,114.60418
728,04_image_name_labeled/23001_rot22_labeled/90-100/118.8mg/118.8_1679892714_7703030109_.jpg,118.8,103.75003
729,04_image_name_labeled/23001_rot22_labeled/90-100/118.8mg/118.8_1679892714_9561269283_.jpg,118.8,110.26434
730,04_image_name_labeled/BIG23001_rot_labeled/A53/230306/126_1678847618_0082325935_.jpg,126.0,118.880684
731,04_image_name_labeled/23001_rot22_labeled/130-150/132mg/132_1679892709_4731330872_.jpg,132.0,142.85269
732,04_image_name_labeled/23001_rot22_labeled/130-150/133.5mg/133.5_1679892709_7874162197_.jpg,133.5,127.362206
733,04_image_name_labeled/23001_rot22_labeled/130-150/132mg/132_1679892709_4421327114_.jpg,132.0,121.87379
734,04_image_name_labeled/23001_rot22_labeled/130-150/133.5mg/133.5_1679892709_9279861450_.jpg,133.5,131.77373
735,04_image_name_labeled/23001_rot22_labeled/130-150/133.5mg/133.5_1679892710_1472806931_.jpg,133.5,135.06569
736,04_image_name_labeled/23001_rot22_labeled/130-150/133.5mg/133.5_1679892710_0229961872_.jpg,133.5,130.90605
737,04_image_name_labeled/23001_rot22_labeled/130-150/133.5mg/133.5_1679892709_7253079414_.jpg,133.5,147.53908
738,04_image_name_labeled/23001_rot22_labeled/130-150/132mg/132_1679892709_1626033783_.jpg,132.0,113.23981
739,04_image_name_labeled/23001_rot22_labeled/130-150/144-1mg/144_1679892710_3508391380_.jpg,144.0,126.483826
740,04_image_name_labeled/23001_rot22_labeled/130-150/146.4mg/146.4_1679892710_9419734478_.jpg,146.4,126.19646
741,04_image_name_labeled/23001_rot22_labeled/130-150/146.4mg/146.4_1679892710_7559485435_.jpg,146.4,131.79388
742,04_image_name_labeled/23001_rot22_labeled/130-150/146.4mg/146.4_1679892711_0852921009_.jpg,146.4,144.37016
743,04_image_name_labeled/23001_rot22_labeled/130-150/146.4mg/146.4_1679892710_7242658138_.jpg,146.4,141.21167
744,04_image_name_labeled/23001_rot22_labeled/130-150/150mg/150_1679892711_6634404659_.jpg,150.0,152.3462
745,04_image_name_labeled/23001_rot22_labeled/130-150/150mg/150_1679892711_1633214951_.jpg,150.0,131.2751
746,04_image_name_labeled/23001_rot22_labeled/130-150/150mg/150_1679892711_5069811344_.jpg,150.0,138.74059
747,04_image_name_labeled/23001_rot22_labeled/130-150/150mg/150_1679892711_2711029053_.jpg,150.0,137.17705
748,04_image_name_labeled/BIG23001_rot_labeled/S22/230306/170_1678847619_1536958218_.jpg,170.0,139.50703
749,04_image_name_labeled/BIG23001_rot_labeled/S22/230307/4.4_39393939.jpg,4.4,6.2038317
750,04_image_name_labeled/23001_rot22_labeled/1-10/4.3mg/4.3_1679892706_7063846588_.jpg,4.3,6.1835594
751,04_image_name_labeled/23001_rot22_labeled/1-10/4.3mg/4.3_1679892706_4559679031_.jpg,4.3,6.7901087
752,04_image_name_labeled/BIG23001_rot_labeled/S22/230307/4.4_1678847619_7337472439_.jpg,4.4,7.5365944
753,04_image_name_labeled/23001_rot22_labeled/1-10/4.3mg/4.3_1679892706_3610455990_.jpg,4.3,3.5767367
754,04_image_name_labeled/23001_rot22_labeled/1-10/4.3mg/4.3_1679892706_5654704571_.jpg,4.3,5.3469734
755,04_image_name_labeled/BIG23001_rot_labeled/A33/230307/4.4_1678847617_3963909149_.jpg,4.4,8.18107
756,04_image_name_labeled/23001_rot22_labeled/1-10/4.3mg/4.3_1679892706_4243657589_.jpg,4.3,5.6050124
757,04_image_name_labeled/23001_rot22_labeled/1-10/4.3mg/4.3_1679892706_5500335693_.jpg,4.3,4.8151126
758,04_image_name_labeled/BIG23001_rot_labeled/A53/230307/4.4 _1678847618_4004681110_.jpg,4.4,5.748494
759,04_image_name_labeled/BIG23001_rot_labeled/A33/230307/4.4_1678847617_3495185375_.jpg,4.4,7.3257084
760,04_image_name_labeled/BIG23001_rot_labeled/A33/230307/4.4_1678847617_3807682991_.jpg,4.4,7.3186755
761,04_image_name_labeled/23001_rot22_labeled/1-10/9.2mg-1/9.2_1679892708_7244563103_.jpg,9.2,10.874024
762,04_image_name_labeled/23001_rot22_labeled/1-10/6.2mg/6.2_1679892707_1095628738_.jpg,6.2,5.507573
763,04_image_name_labeled/23001_rot22_labeled/1-10/9.2mg-1/9.2_1679892708_6153073311_.jpg,9.2,6.702411
764,04_image_name_labeled/23001_rot22_labeled/1-10/6.6mg-1/6.6_1679892707_3755912781_.jpg,6.6,7.073017
765,04_image_name_labeled/23001_rot22_labeled/1-10/6.6mg-1/6.6_1679892707_7193942070_.jpg,6.6,9.211666
766,04_image_name_labeled/23001_rot22_labeled/1-10/6.2mg/6.2_1679892706_9525091648_.jpg,6.2,2.5779948
767,04_image_name_labeled/23001_rot22_labeled/1-10/6.2mg/6.2_1679892707_2189185619_.jpg,6.2,6.50043
768,04_image_name_labeled/23001_rot22_labeled/1-10/6.2mg/6.2_1679892707_1555614471_.jpg,6.2,8.494062
769,04_image_name_labeled/23001_rot22_labeled/1-10/6.6mg-1/6.6_1679892707_6873941422_.jpg,6.6,6.997025
770,04_image_name_labeled/23001_rot22_labeled/1-10/6.6mg-1/6.6_1679892707_4375505447_.jpg,6.6,6.771178
771,04_image_name_labeled/23001_rot22_labeled/1-10/9.2mg/9.2_1679892708_3178277016_.jpg,9.2,12.04557
772,04_image_name_labeled/23001_rot22_labeled/1-10/8.5mg/8.5_1679892708_1451473236_.jpg,8.5,7.909625
773,04_image_name_labeled/23001_rot22_labeled/1-10/6.2mg/6.2_1679892706_9211113453_.jpg,6.2,9.5008135
774,04_image_name_labeled/23001_rot22_labeled/1-10/6.2mg/6.2_1679892706_9680509567_.jpg,6.2,2.7138915
775,04_image_name_labeled/23001_rot22_labeled/1-10/9.2mg-1/9.2_1679892708_7405314445_.jpg,9.2,7.7317142
776,04_image_name_labeled/23001_rot22_labeled/1-10/9.2mg/9.2_1679892708_2720725536_.jpg,9.2,14.340084
777,04_image_name_labeled/23001_rot22_labeled/1-10/9.2mg-1/9.2_1679892709_0849466324_.jpg,9.2,11.160479
778,04_image_name_labeled/23001_rot22_labeled/1-10/9.2mg-1/9.2_1679892708_7877039909_.jpg,9.2,7.307024
779,04_image_name_labeled/23001_rot22_labeled/1-10/6.6mg-1/6.6_1679892707_5779294968_.jpg,6.6,10.905374
780,04_image_name_labeled/23001_rot22_labeled/1-10/8.5mg/8.5_1679892708_0181260109_.jpg,8.5,6.398946
781,04_image_name_labeled/23001_rot22_labeled/1-10/8.5mg/8.5_1679892707_8763446808_.jpg,8.5,6.2958045
782,04_image_name_labeled/23001_rot22_labeled/1-10/8.5mg/8.5_1679892707_8917267323_.jpg,8.5,8.939422
783,04_image_name_labeled/23001_rot22_labeled/1-10/6.2mg/6.2_1679892706_9058828354_.jpg,6.2,6.732189
784,04_image_name_labeled/23001_rot22_labeled/1-10/9.2mg-1/9.2_1679892708_9732580185_.jpg,9.2,11.258229
785,04_image_name_labeled/23001_rot22_labeled/1-10/6.6mg-1/6.6_1679892707_4535498619_.jpg,6.6,9.714371
786,04_image_name_labeled/23001_rot22_labeled/1-10/9.2mg/9.2_1679892708_5994813442_.jpg,9.2,11.291521
787,04_image_name_labeled/23001_rot22_labeled/1-10/8.5mg/8.5_1679892707_9067933559_.jpg,8.5,4.853495
788,04_image_name_labeled/23001_rot22_labeled/1-10/9.2mg-1/9.2_1679892708_8808660507_.jpg,9.2,9.062948
789,04_image_name_labeled/23001_rot22_labeled/1-10/10.5mg/10.5_1679892705_4417386055_.jpg,10.5,12.093984
790,04_image_name_labeled/23001_rot22_labeled/1-10/10.5mg/10.5_1679892705_5352039337_.jpg,10.5,8.648445
791,04_image_name_labeled/23001_rot22_labeled/1-10/13.6mg/13.6_1679892706_1581430435_.jpg,13.6,15.902651
792,04_image_name_labeled/23001_rot22_labeled/1-10/13.6mg/13.6_1679892706_0642857552_.jpg,13.6,15.106362
793,04_image_name_labeled/23001_rot22_labeled/1-10/10.5mg/10.5_1679892705_3938908577_.jpg,10.5,14.040774
794,04_image_name_labeled/23001_rot22_labeled/1-10/13.6mg/13.6_1679892706_2837026119_.jpg,13.6,13.9317
795,04_image_name_labeled/23001_rot22_labeled/1-10/10.5mg/10.5_1679892705_8457040787_.jpg,10.5,12.340731
796,04_image_name_labeled/23001_rot22_labeled/1-10/13.6mg/13.6_1679892706_0337846279_.jpg,13.6,13.908509
797,04_image_name_labeled/BIG23001_rot_labeled/A53/230307/11.2 _1678847618_2121524811_.jpg,11.2,11.010565
798,04_image_name_labeled/23001_rot22_labeled/1-10/13.6mg/13.6_1679892705_9857814312_.jpg,13.6,13.873871
799,04_image_name_labeled/23001_rot22_labeled/15-35/16.7mg/16.7_1679892712_1005961895_.jpg,16.7,13.829878
800,04_image_name_labeled/BIG23001_rot_labeled/S22/230307/19.9_23987409.jpg,19.9,22.333237
801,04_image_name_labeled/23001_rot22_labeled/15-35/16.7mg/16.7_1679892712_0064468384_.jpg,16.7,19.475483
802,04_image_name_labeled/23001_rot22_labeled/15-35/16.7mg/16.7_1679892711_7883026600_.jpg,16.7,14.088598
803,04_image_name_labeled/23001_rot22_labeled/15-35/16.7mg/16.7_1679892711_8663051128_.jpg,16.7,11.581558
804,04_image_name_labeled/23001_rot22_labeled/15-35/24mg-1/24_1679892712_7386770248_.jpg,24.0,23.87674
805,04_image_name_labeled/23001_rot22_labeled/15-35/24mg/24_1679892712_3498201370_.jpg,24.0,18.910336
806,04_image_name_labeled/23001_rot22_labeled/15-35/24mg/24_1679892712_6296460629_.jpg,24.0,31.867304
807,04_image_name_labeled/23001_rot22_labeled/15-35/24mg/24_1679892712_1473319530_.jpg,24.0,20.93351
808,04_image_name_labeled/23001_rot22_labeled/15-35/24mg/24_1679892712_2880167961_.jpg,24.0,14.531409
809,04_image_name_labeled/23001_rot22_labeled/15-35/24mg-1/24_1679892712_7696762085_.jpg,24.0,25.162012
810,04_image_name_labeled/23001_rot22_labeled/15-35/24mg-1/24_1679892713_0359652042_.jpg,24.0,21.996239
811,04_image_name_labeled/23001_rot22_labeled/15-35/24mg-1/24_1679892712_8014025688_.jpg,24.0,30.921345
812,04_image_name_labeled/23001_rot22_labeled/15-35/24mg-1/24_1679892713_0510098934_.jpg,24.0,24.864346
813,04_image_name_labeled/23001_rot22_labeled/15-35/24mg/24_1679892712_2723007202_.jpg,24.0,25.48117
814,04_image_name_labeled/23001_rot22_labeled/15-35/24mg-1/24_1679892712_6763217449_.jpg,24.0,23.98666
815,04_image_name_labeled/23001_rot22_labeled/15-35/24mg-1/24_1679892713_0670096874_.jpg,24.0,24.886892
816,04_image_name_labeled/23001_rot22_labeled/15-35/24mg-1/24_1679892712_8173689842_.jpg,24.0,21.727589
817,04_image_name_labeled/23001_rot22_labeled/15-35/32.3mg/32.3_1679892713_2547955513_.jpg,32.3,39.75034
818,04_image_name_labeled/23001_rot22_labeled/15-35/32.3mg/32.3_1679892713_2861533165_.jpg,32.3,26.622509
819,04_image_name_labeled/23001_rot22_labeled/15-35/32.3mg/32.3_1679892713_2707960606_.jpg,32.3,30.30158
820,04_image_name_labeled/23001_rot22_labeled/15-35/35.5mg/35.5_1679892713_6605856419_.jpg,35.5,28.069408
821,04_image_name_labeled/BIG23001_rot_labeled/A33/230307/35_1678847617_2865979671_.jpg,35.0,29.982826
822,04_image_name_labeled/BIG23001_rot_labeled/S22/230307/35_1678847619_6864535809_.jpg,35.0,32.50647
823,04_image_name_labeled/BIG23001_rot_labeled/A33/230307/35_1678847617_3338816166_.jpg,35.0,29.26901
824,04_image_name_labeled/23001_rot22_labeled/15-35/35.5mg/35.5_1679892713_7556033134_.jpg,35.5,32.726444
825,04_image_name_labeled/23001_rot22_labeled/15-35/35.5mg/35.5_1679892713_7240536213_.jpg,35.5,37.01332
826,04_image_name_labeled/BIG23001_rot_labeled/A33/230307/35_1678847617_3178546429_.jpg,35.0,29.576675
827,04_image_name_labeled/BIG23001_rot_labeled/S22/230307/45_1678847619_8118844032_.jpg,45.0,42.986732
828,04_image_name_labeled/BIG23001_rot_labeled/A53/230307/45 _1678847618_4633617401_.jpg,45.0,44.731987
829,04_image_name_labeled/BIG23001_rot_labeled/A33/230307/45_1678847617_4280376434_.jpg,45.0,51.23271
830,04_image_name_labeled/BIG23001_rot_labeled/A33/230307/45_1678847617_4436702728_.jpg,45.0,46.892147
831,04_image_name_labeled/BIG23001_rot_labeled/A33/230307/57_1678847617_4905469418_.jpg,57.0,63.74771
832,04_image_name_labeled/BIG23001_rot_labeled/S22/230307/57 _1678847619_9060375690_.jpg,57.0,50.575653
833,04_image_name_labeled/BIG23001_rot_labeled/A33/230307/57_1678847617_5217974186_.jpg,57.0,57.93535
834,04_image_name_labeled/BIG23001_rot_labeled/A53/230307/57 _1678847618_5418882370_.jpg,57.0,67.69219
835,04_image_name_labeled/BIG23001_rot_labeled/A53/230307/66.1_1678847618_5887637138_.jpg,66.1,61.90661
836,04_image_name_labeled/BIG23001_rot_labeled/A53/230306/81_1678847618_1652793884_.jpg,81.0,87.37135
837,04_image_name_labeled/BIG23001_rot_labeled/S22/230303/81_1678847618_9181089401_.jpg,81.0,92.92501
838,04_image_name_labeled/BIG23001_rot_labeled/A33/230307/86.4_1678847617_6632277966_.jpg,86.4,101.59255
839,04_image_name_labeled/23001_rot22_labeled/90-100/88.8mg/88.8_1679892715_5770854950_.jpg,88.8,87.77744
840,04_image_name_labeled/23001_rot22_labeled/90-100/88.8mg/88.8_1679892715_2352132797_.jpg,88.8,83.50597
841,04_image_name_labeled/23001_rot22_labeled/90-100/88.8mg/88.8_1679892715_2812118530_.jpg,88.8,105.4979
842,04_image_name_labeled/23001_rot22_labeled/90-100/88.8mg/88.8_1679892715_3431851864_.jpg,88.8,120.305336
843,04_image_name_labeled/23001_rot22_labeled/90-100/88.8mg/88.8_1679892715_4374556541_.jpg,88.8,91.241005
844,04_image_name_labeled/23001_rot22_labeled/90-100/88.8mg/88.8_1679892715_3899874687_.jpg,88.8,90.96081
845,04_image_name_labeled/23001_rot22_labeled/90-100/99.6mg/99.6_1679892716_6226856709_.jpg,99.6,85.659584
846,04_image_name_labeled/23001_rot22_labeled/90-100/95mg/95.0_1679892716_1224956512_.jpg,95.0,128.69302
847,04_image_name_labeled/23001_rot22_labeled/90-100/95mg/95.0_1679892715_9835236073_.jpg,95.0,111.66686
848,04_image_name_labeled/23001_rot22_labeled/90-100/95mg/95.0_1679892715_6545398235_.jpg,95.0,88.305016
849,04_image_name_labeled/23001_rot22_labeled/90-100/95mg/95.0_1679892716_0907461643_.jpg,95.0,113.37841
850,04_image_name_labeled/23001_rot22_labeled/90-100/95mg/95.0_1679892715_9360513687_.jpg,95.0,102.79117
851,04_image_name_labeled/23001_rot22_labeled/90-100/99.6mg/99.6_1679892716_3557713032_.jpg,99.6,137.17546
852,04_image_name_labeled/23001_rot22_labeled/90-100/99.6mg/99.6_1679892716_4972250462_.jpg,99.6,96.07823
853,04_image_name_labeled/23001_rot22_labeled/90-100/99.6mg/99.6_1679892716_3249728680_.jpg,99.6,111.6848
854,04_image_name_labeled/BIG23001_rot_labeled/S22/230306/109_1678847618_9966335297_.jpg,109.0,101.03928
855,04_image_name_labeled/23001_rot22_labeled/90-100/108.8mg/108.8_1679892714_3488430977_.jpg,108.8,103.6944
856,04_image_name_labeled/23001_rot22_labeled/90-100/108.8mg/108.8_1679892714_6146512032_.jpg,108.8,131.42747
857,04_image_name_labeled/23001_rot22_labeled/90-100/108.8mg/108.8_1679892714_2537622452_.jpg,108.8,125.967995
858,04_image_name_labeled/23001_rot22_labeled/90-100/108.8mg/108.8_1679892714_1758358479_.jpg,108.8,110.546555
859,04_image_name_labeled/BIG23001_rot_labeled/A33/230306/109_1678847616_8148748875_.jpg,109.0,103.237144
860,04_image_name_labeled/23001_rot22_labeled/90-100/108.8mg/108.8_1679892714_6296653748_.jpg,108.8,129.78024
861,04_image_name_labeled/23001_rot22_labeled/90-100/108.8mg/108.8_1679892714_2692201138_.jpg,108.8,110.26801
862,04_image_name_labeled/BIG23001_rot_labeled/A53/230306/109_1678847617_8828613758_.jpg,109.0,115.91663
863,04_image_name_labeled/BIG23001_rot_labeled/A33/230306/109_1678847616_8308935165_.jpg,109.0,108.70548
864,04_image_name_labeled/23001_rot22_labeled/90-100/108.8mg/108.8_1679892714_3327734470_.jpg,108.8,118.57148
865,04_image_name_labeled/23001_rot22_labeled/90-100/108.8mg/108.8_1679892714_3008449078_.jpg,108.8,113.06139
866,04_image_name_labeled/23001_rot22_labeled/90-100/108.8mg/108.8_1679892714_1604559422_.jpg,108.8,101.6031
867,04_image_name_labeled/BIG23001_rot_labeled/S22/230306/109_1678847618_9497668743_.jpg,109.0,103.0967
868,04_image_name_labeled/23001_rot22_labeled/90-100/108.8mg/108.8_1679892714_4283032417_.jpg,108.8,103.66041
869,04_image_name_labeled/23001_rot22_labeled/90-100/108.8mg/108.8_1679892714_2852835655_.jpg,108.8,121.00221
870,04_image_name_labeled/23001_rot22_labeled/90-100/118.8mg/118.8_1679892714_9248659611_.jpg,118.8,96.84032
871,04_image_name_labeled/23001_rot22_labeled/90-100/118.8mg/118.8_1679892714_7859420776_.jpg,118.8,120.7015
872,04_image_name_labeled/23001_rot22_labeled/90-100/118.8mg/118.8_1679892714_8476109505_.jpg,118.8,106.98838
873,04_image_name_labeled/23001_rot22_labeled/90-100/118.8mg/118.8_1679892714_7086558342_.jpg,118.8,121.65465
874,04_image_name_labeled/23001_rot22_labeled/90-100/118.8mg/118.8_1679892715_0807995796_.jpg,118.8,101.14756
875,04_image_name_labeled/23001_rot22_labeled/90-100/118.8mg/118.8_1679892714_8162941933_.jpg,118.8,107.87629
876,04_image_name_labeled/23001_rot22_labeled/90-100/118.8mg/118.8_1679892714_6925790310_.jpg,118.8,113.91598
877,04_image_name_labeled/23001_rot22_labeled/90-100/118.8mg/118.8_1679892714_8012940884_.jpg,118.8,123.68168
878,04_image_name_labeled/BIG23001_rot_labeled/S22/230306/126_1678847619_1064138412_.jpg,126.0,121.778595
879,04_image_name_labeled/BIG23001_rot_labeled/A33/230306/126_1678847616_8934166431_.jpg,126.0,113.48132
880,04_image_name_labeled/BIG23001_rot_labeled/A33/230306/126_1678847616_9250440598_.jpg,126.0,112.36574
881,04_image_name_labeled/23001_rot22_labeled/130-150/133.5mg/133.5_1679892709_7567830086_.jpg,133.5,122.1206
882,04_image_name_labeled/23001_rot22_labeled/130-150/133.5mg/133.5_1679892709_8186633587_.jpg,133.5,131.48666
883,04_image_name_labeled/23001_rot22_labeled/130-150/133.5mg/133.5_1679892709_9915015697_.jpg,133.5,132.06471
884,04_image_name_labeled/23001_rot22_labeled/130-150/132mg/132_1679892709_5831553936_.jpg,132.0,137.88829
885,04_image_name_labeled/23001_rot22_labeled/130-150/133.5mg/133.5_1679892709_8656904697_.jpg,133.5,143.91733
886,04_image_name_labeled/23001_rot22_labeled/130-150/132mg/132_1679892709_6141548157_.jpg,132.0,132.15791
887,04_image_name_labeled/23001_rot22_labeled/130-150/133.5mg/133.5_1679892709_8035137653_.jpg,133.5,124.97529
888,04_image_name_labeled/23001_rot22_labeled/130-150/132mg/132_1679892709_3813102245_.jpg,132.0,144.17018
889,04_image_name_labeled/23001_rot22_labeled/130-150/133.5mg/133.5_1679892709_8972389698_.jpg,133.5,126.35621
890,04_image_name_labeled/23001_rot22_labeled/130-150/132mg/132_1679892709_5191330910_.jpg,132.0,139.25246
891,04_image_name_labeled/23001_rot22_labeled/130-150/133.5mg/133.5_1679892710_0699653625_.jpg,133.5,142.39267
892,04_image_name_labeled/23001_rot22_labeled/130-150/132mg/132_1679892709_3021962643_.jpg,132.0,136.48874
893,04_image_name_labeled/23001_rot22_labeled/130-150/132mg/132_1679892709_1321315765_.jpg,132.0,132.52661
894,04_image_name_labeled/23001_rot22_labeled/130-150/133.5mg/133.5_1679892709_8342590332_.jpg,133.5,125.539215
895,04_image_name_labeled/23001_rot22_labeled/130-150/144-1mg/144_1679892710_5043601990_.jpg,144.0,137.17232
896,04_image_name_labeled/23001_rot22_labeled/130-150/144-1mg/144_1679892710_3356883526_.jpg,144.0,121.30515
897,04_image_name_labeled/23001_rot22_labeled/130-150/144-1mg/144_1679892710_5507535934_.jpg,144.0,140.20404
898,04_image_name_labeled/23001_rot22_labeled/130-150/144-1mg/144_1679892710_4427146912_.jpg,144.0,127.02148
899,04_image_name_labeled/23001_rot22_labeled/130-150/144-1mg/144_1679892710_3047928810_.jpg,144.0,140.23634
900,04_image_name_labeled/23001_rot22_labeled/130-150/146.4mg/146.4_1679892711_0047495365_.jpg,146.4,136.57771
901,04_image_name_labeled/23001_rot22_labeled/130-150/146.4mg/146.4_1679892710_9105927944_.jpg,146.4,151.33911
902,04_image_name_labeled/23001_rot22_labeled/130-150/146.4mg/146.4_1679892710_8493063450_.jpg,146.4,138.72241
903,04_image_name_labeled/23001_rot22_labeled/130-150/146.4mg/146.4_1679892710_8181586266_.jpg,146.4,136.38928
904,04_image_name_labeled/23001_rot22_labeled/130-150/150mg/150_1679892711_5533759594_.jpg,150.0,137.00401
905,04_image_name_labeled/23001_rot22_labeled/130-150/150mg/150_1679892711_4440805912_.jpg,150.0,149.45732
906,04_image_name_labeled/23001_rot22_labeled/130-150/150mg/150_1679892711_6008248329_.jpg,150.0,139.19855
907,04_image_name_labeled/23001_rot22_labeled/130-150/150mg/150_1679892711_2870507240_.jpg,150.0,147.0622
908,04_image_name_labeled/23001_rot22_labeled/130-150/150mg/150_1679892711_2402236462_.jpg,150.0,144.28009
909,04_image_name_labeled/23001_rot22_labeled/130-150/150mg/150_1679892711_1788434982_.jpg,150.0,145.35847
910,04_image_name_labeled/BIG23001_rot_labeled/A33/230306/170_1678847616_9563105106_.jpg,170.0,138.68495
911,04_image_name_labeled/BIG23001_rot_labeled/A33/230306/170_1678847616_9875593185_.jpg,170.0,148.76933
912,04_image_name_labeled/BIG23001_rot_labeled/S22/230306/170_1678847619_1693217754_.jpg,170.0,138.07413
